precision,resolution,batch,mac_img_s,msi_img_s,winner,winner_speedup
fp32,160,1,67.76674688770906,92.81259257998298,msi,1.3695890217922873
fp32,160,4,107.20184111890539,148.7458862985926,msi,1.3875310791874151
fp32,160,16,101.9347158052042,170.14506998275132,msi,1.6691572506848025
fp32,224,1,42.62620020339849,62.516410442529605,msi,1.4666193595540171
fp32,224,4,57.69861848270964,79.12440927038816,msi,1.371339753898945
fp32,224,16,58.935306070335386,87.3191334456276,msi,1.4816099086923888
fp32,320,1,25.909812034604442,36.3882480508835,msi,1.4044196076098252
fp32,320,4,30.192353597608655,41.80977804389355,msi,1.3847803520426787
fp32,320,16,28.89242903006072,41.743696828120896,msi,1.4447970707028217
fp16,160,1,69.83179265479731,87.48676750783322,msi,1.2528214468202263
fp16,160,4,106.97022534772289,230.04767692725952,msi,2.150576725247187
fp16,160,16,144.27227873882703,431.7975737667555,msi,2.9929351469413557
fp16,224,1,50.14207003895339,128.01638622220827,msi,2.5530734196405813
fp16,224,4,68.55879456363748,182.36278371414912,msi,2.6599473470158053
fp16,224,16,72.87235496177051,233.08427311028026,msi,3.198528073266719
fp16,320,1,30.559506056930214,88.60221176631376,msi,2.8993338963415853
fp16,320,4,35.98172599466998,94.59462646810427,msi,2.6289630042237744
fp16,320,16,36.37653697207988,121.48620140484446,msi,3.339685729240496
