precision,profile,resolution,batch,repeat,no_monitor_img_s,monitored_img_s,monitor_delta_pct,mean_power_w,energy_batch_j,energy_img_j,process_rss_before_model_mb,process_rss_after_cpu_model_mb,process_rss_after_device_model_mb,process_rss_after_input_mb,process_rss_after_warmup_mb,cpu_model_load_rss_delta_mb,device_transfer_rss_delta_mb,input_rss_delta_mb,warmup_rss_delta_mb,mps_allocated_mb,process_rss_pre_mb,process_rss_peak_mb,process_rss_delta_mb,system_ram_used_pre_mb,system_ram_used_peak_mb,system_ram_available_min_mb,memory_sample_count,power_samples
fp32,light,160,1,1,39.70164199366656,39.146434954393754,-1.3984485562621773,14.357526315789473,0.36676459382613585,0.36676459382613585,308.859375,1766.4375,393.625,503.453125,525.265625,1457.578125,-1372.8125,109.828125,21.8125,754.731201171875,406.71875,407.125,0.40625,13500.421875,13543.609375,2840.390625,51,19
fp32,light,160,1,2,39.02941867064871,39.048710002069036,0.04942766783978349,14.202842105263159,0.3637211601743209,0.3637211601743209,308.859375,1766.4375,393.625,503.453125,525.265625,1457.578125,-1372.8125,109.828125,21.8125,754.731201171875,407.15625,407.1875,0.03125,13445.921875,13445.921875,2938.078125,51,19
fp32,light,160,1,3,38.566124895030015,38.87517635691568,0.8013547192694309,15.137526315789474,0.38938797799425523,0.38938797799425523,308.859375,1766.4375,393.625,503.453125,525.265625,1457.578125,-1372.8125,109.828125,21.8125,754.731201171875,407.15625,407.1875,0.03125,13303.859375,13426.140625,2957.859375,51,19
fp32,medium,224,4,1,29.499440705403533,29.88788724236764,1.3167928871714294,18.309894736842104,2.450476955880223,0.6126192389700558,308.859375,1766.4375,393.625,370.859375,377.390625,1457.578125,-1372.8125,-22.765625,6.53125,756.813232421875,375.8125,375.875,0.0625,13071.921875,13119.375,3264.625,51,19
fp32,medium,224,4,2,29.52139064491741,28.921948289534285,-2.0305356295480923,16.438299999999998,2.273470630047198,0.5683676575117995,308.859375,1766.4375,393.625,370.859375,377.390625,1457.578125,-1372.8125,-22.765625,6.53125,756.813232421875,341.359375,341.46875,0.109375,12922.21875,13044.15625,3339.84375,53,20
fp32,medium,224,4,3,28.157264678165323,28.1953699106071,0.13533002185160675,16.47321052631579,2.3370093144433004,0.5842523286108251,308.859375,1766.4375,393.625,370.859375,377.390625,1457.578125,-1372.8125,-22.765625,6.53125,756.813232421875,334.0,334.4375,0.4375,12882.9375,13432.390625,2951.609375,51,19
fp32,heavy,320,16,1,12.973951023036706,13.676471329033786,5.414852458974727,16.527814814814814,19.335765101605308,1.2084853188503317,308.859375,1766.4375,393.625,364.65625,316.375,1457.578125,-1372.8125,-28.96875,-48.28125,773.438232421875,321.28125,327.53125,6.25,13958.640625,14016.734375,2367.265625,70,27
fp32,heavy,320,16,2,13.450903257658268,12.905967710515894,-4.051293334758881,15.563,19.2940200677169,1.2058762542323063,308.859375,1766.4375,393.625,364.65625,316.375,1457.578125,-1372.8125,-28.96875,-48.28125,773.438232421875,169.59375,171.265625,1.671875,13841.859375,14028.953125,2355.046875,74,29
fp32,heavy,320,16,3,13.377872474612454,13.68177346386903,2.27166905524998,16.491222222222223,19.285479053746844,1.2053424408591777,308.859375,1766.4375,393.625,364.65625,316.375,1457.578125,-1372.8125,-28.96875,-48.28125,773.438232421875,169.390625,171.0,1.609375,13989.796875,14382.109375,2001.890625,70,27
fp16,light,160,1,1,46.578135531476086,45.95595695975162,-1.3357738875228684,14.242842105263158,0.3099237410666279,0.3099237410666279,320.390625,1826.25,1082.59375,1082.984375,1091.34375,1505.859375,-743.65625,0.390625,8.359375,381.368408203125,331.359375,331.921875,0.5625,12993.296875,13011.15625,3372.84375,51,19
fp16,light,160,1,2,45.81957625458622,44.505636011648114,-2.867639446592625,15.827526315789473,0.35562970747451084,0.35562970747451084,320.390625,1826.25,1082.59375,1082.984375,1091.34375,1505.859375,-743.65625,0.390625,8.359375,381.368408203125,331.40625,331.4375,0.03125,12303.53125,12585.8125,3798.1875,51,19
fp16,light,160,1,3,44.49709842605607,45.433140920013976,2.103603441724168,15.362,0.3381232221440541,0.3381232221440541,320.390625,1826.25,1082.59375,1082.984375,1091.34375,1505.859375,-743.65625,0.390625,8.359375,381.368408203125,317.0,317.03125,0.03125,12328.109375,12408.625,3975.375,51,19
fp16,medium,224,4,1,32.60437381965292,33.36175453637465,2.322942071855405,16.277052631578947,1.9515823262630767,0.4878955815657692,320.390625,1826.25,1082.59375,333.203125,347.375,1505.859375,-743.65625,-749.390625,14.171875,382.409423828125,347.421875,347.453125,0.03125,12402.359375,12466.796875,3917.203125,51,19
fp16,medium,224,4,2,33.76461514135727,32.62157089295659,-3.385331784814561,14.7319,1.8063998264633911,0.4515999566158478,320.390625,1826.25,1082.59375,333.203125,347.375,1505.859375,-743.65625,-749.390625,14.171875,382.409423828125,346.125,346.15625,0.03125,12133.8125,12930.546875,3453.453125,52,20
fp16,medium,224,4,3,34.15089600078648,32.343782190276656,-5.291556070646605,15.653550000000001,1.93589604430441,0.4839740110761025,320.390625,1826.25,1082.59375,333.203125,347.375,1505.859375,-743.65625,-749.390625,14.171875,382.409423828125,322.234375,322.359375,0.125,12089.421875,12512.546875,3871.453125,53,20
fp16,heavy,320,16,1,17.104342845082435,16.534170835013942,-3.333492641211993,15.714409090909092,15.206722366875402,0.9504201479297126,320.390625,1826.25,1082.59375,338.78125,346.765625,1505.859375,-743.65625,-743.8125,7.984375,390.721923828125,344.546875,344.578125,0.03125,12474.234375,12498.5,3885.5,58,22
fp16,heavy,320,16,2,15.911822975501368,16.600203290049045,4.326219036043462,15.351818181818182,14.79675198052139,0.9247969987825869,320.390625,1826.25,1082.59375,338.78125,346.765625,1505.859375,-743.65625,-743.8125,7.984375,390.721923828125,327.75,327.78125,0.03125,12378.859375,12448.609375,3935.390625,58,22
fp16,heavy,320,16,3,16.868918272618007,16.05992342197895,-4.795771949125121,18.721695652173914,18.651840520287582,1.1657400325179739,320.390625,1826.25,1082.59375,338.78125,346.765625,1505.859375,-743.65625,-743.8125,7.984375,390.721923828125,324.25,324.671875,0.421875,12582.578125,12719.109375,3664.890625,60,23
