workload,resolution,batch,threads,repeat,latency_sec,throughput_img_s
highres_single,320,1,1,1,1.5993166999542154,0.6252670281180879
highres_single,320,1,1,2,1.608326199988369,0.6217644157057391
highres_single,320,1,1,3,1.6195622999803163,0.6174507766772255
highres_single,320,1,2,1,0.8620039999950677,1.1600874241949246
highres_single,320,1,2,2,0.8445379000040703,1.1840794829873005
highres_single,320,1,2,3,0.8339003000291996,1.1991841230480242
highres_single,320,1,4,1,0.5568645000457764,1.7957689885381385
highres_single,320,1,4,2,0.5967597999842837,1.6757160921803647
highres_single,320,1,4,3,0.5929581000236794,1.6864598020670694
highres_single,320,1,8,1,0.524820799997542,1.9054122854976088
highres_single,320,1,8,2,0.5106070999754593,1.9584529867447238
highres_single,320,1,8,3,0.4112318999832496,2.431717967503815
highres_single,320,1,16,1,0.4836719000013545,2.067517257043875
highres_single,320,1,16,2,0.4435721000190824,2.2544249287928166
highres_single,320,1,16,3,0.3640087000094354,2.7471870863912846
batch_workload,224,2,1,1,1.591203200048767,1.2569104938569156
batch_workload,224,2,1,2,1.4225550999981351,1.4059209376161401
batch_workload,224,2,1,3,1.417048099974636,1.411384694729698
batch_workload,224,2,2,1,0.8412908000173047,2.377299264367162
batch_workload,224,2,2,2,0.8406779000069946,2.379032445105741
batch_workload,224,2,2,3,0.8419970999821089,2.3753050931440223
batch_workload,224,2,4,1,0.582258099981118,3.434902837873544
batch_workload,224,2,4,2,0.576338900020346,3.4701804787589308
batch_workload,224,2,4,3,0.5495184999890625,3.6395498969366953
batch_workload,224,2,8,1,0.36395999998785555,5.495109352859476
batch_workload,224,2,8,2,0.34240460000000894,5.841043023370445
batch_workload,224,2,8,3,0.5533552000415511,3.6143150002924362
batch_workload,224,2,16,1,0.36018129996955395,5.552759124832576
batch_workload,224,2,16,2,0.38333640003111213,5.217349565127854
batch_workload,224,2,16,3,0.5134276999742724,3.895387802606324
