placement,repeat,threads,process_affinity_mask,no_monitor_img_s,monitored_img_s,monitor_delta_pct,latency_ms_img,mean_power_w,median_power_w,min_power_w,max_power_w,energy_img_j,power_samples
unrestricted,1,4,65535,1.7405513993234145,1.7668532499695055,1.5111217431622566,565.977961110952,36.18571428571428,36.2,32.7,40.6,20.48031679277202,21
unrestricted,2,4,65535,1.774220006681519,1.7319947112405083,-2.379935705943731,577.36896857137,33.576190476190476,33.3,29.5,39.4,19.38585046379395,21
unrestricted,3,4,65535,1.7756452059638157,1.7281906573117267,-2.6725242459870113,578.6398599999042,32.785714285714285,32.5,29.2,37.4,18.971121124282572,21
four_physical,1,4,85,1.7551423097903183,1.6872283980988028,-3.869424793231096,592.6879852939986,34.576190476190476,34.4,32.8,36.3,20.492892672474873,21
four_physical,2,4,85,1.727578791413407,1.706953225682418,-1.1939001470441988,585.8391342857171,34.67142857142857,34.4,33.3,37.0,20.31187969873479,21
four_physical,3,4,85,1.7041786494565436,1.6954025430155493,-0.5149757300264868,589.8304235295868,34.03809523809524,34.2,32.5,36.1,20.076704130426126,21
two_physical_smt,1,4,15,1.0830717243326322,1.082001351144159,-0.09882754432839454,924.2132636364577,31.252380952380953,31.0,29.7,32.7,28.883864996409862,21
two_physical_smt,2,4,15,1.0878499937931674,1.1028366343975031,1.3776385245983787,906.7526130434682,30.747619047619047,30.7,29.3,32.4,27.880483916293688,21
two_physical_smt,3,4,15,1.108836881310538,1.1304874030576793,1.9525434364658212,884.5742086955199,29.976190476190478,30.2,27.1,31.4,26.516164970182373,21
