model,params,backend,precision,resolution,batch,repeat,latency_sec,latency_ms,ms_per_image,throughput_img_s,cuda_allocated_mb,cuda_peak_mb,status
convnext_large,197767336,cuda,fp32,160,1,1,0.02063149999594316,20.63149999594316,20.63149999594316,48.46957323493849,763.72509765625,801.1259765625,PASS
convnext_large,197767336,cuda,fp32,160,1,2,0.020661599992308766,20.661599992308766,20.661599992308766,48.39896234426413,763.72509765625,801.1259765625,PASS
convnext_large,197767336,cuda,fp32,160,1,3,0.020621899981051683,20.621899981051683,20.621899981051683,48.492137044542176,763.72509765625,801.1259765625,PASS
convnext_large,197767336,cuda,fp32,160,4,1,0.05590249999659136,55.90249999659136,13.97562499914784,71.55315057902418,764.77197265625,811.64697265625,PASS
convnext_large,197767336,cuda,fp32,160,4,2,0.05615839996607974,56.15839996607974,14.039599991519935,71.22710053021528,764.77197265625,811.64697265625,PASS
convnext_large,197767336,cuda,fp32,160,4,3,0.05600899999262765,56.00899999262765,14.002249998156913,71.41709369077311,764.77197265625,811.64697265625,PASS
convnext_large,197767336,cuda,fp32,160,16,1,0.19532879994949326,195.32879994949326,12.208049996843329,81.91316387617785,768.1767578125,957.6767578125,PASS
convnext_large,197767336,cuda,fp32,160,16,2,0.19536229997174814,195.36229997174814,12.210143748234259,81.89911770241137,768.1767578125,957.6767578125,PASS
convnext_large,197767336,cuda,fp32,160,16,3,0.19504580000648275,195.04580000648275,12.190362500405172,82.03201504194506,768.1767578125,957.6767578125,PASS
convnext_large,197767336,cuda,fp32,224,1,1,0.03156600001966581,31.566000019665807,31.566000019665807,31.679655305613444,764.00634765625,802.3916015625,PASS
convnext_large,197767336,cuda,fp32,224,1,2,0.0313433000119403,31.3433000119403,31.3433000119403,31.904745180598333,764.00634765625,802.3916015625,PASS
convnext_large,197767336,cuda,fp32,224,1,3,0.03120120003586635,31.20120003586635,31.20120003586635,32.05004932023389,764.00634765625,802.3916015625,PASS
convnext_large,197767336,cuda,fp32,224,4,1,0.10198989999480546,101.98989999480546,25.497474998701364,39.21956978292682,765.74072265625,857.61572265625,PASS
convnext_large,197767336,cuda,fp32,224,4,2,0.10192310001002625,101.92310001002625,25.48077500250656,39.245274129284894,765.74072265625,857.61572265625,PASS
convnext_large,197767336,cuda,fp32,224,4,3,0.10127530002500862,101.27530002500862,25.318825006252155,39.496303629930026,765.74072265625,857.61572265625,PASS
convnext_large,197767336,cuda,fp32,224,16,1,0.3948521999991499,394.8521999991499,24.678262499946868,40.5214913327935,772.6767578125,1142.1767578125,PASS
convnext_large,197767336,cuda,fp32,224,16,2,0.39558120002038777,395.58120002038777,24.723825001274236,40.446815974003265,772.6767578125,1142.1767578125,PASS
convnext_large,197767336,cuda,fp32,224,16,3,0.40060469997115433,400.60469997115433,25.037793748197146,39.939621280409554,772.6767578125,1142.1767578125,PASS
convnext_large,197767336,cuda,fp32,320,1,1,0.057048199989367276,57.048199989367276,57.048199989367276,17.529036852808353,764.76025390625,811.63525390625,PASS
convnext_large,197767336,cuda,fp32,320,1,2,0.05680730001768097,56.80730001768097,56.80730001768097,17.60337139221113,764.76025390625,811.63525390625,PASS
convnext_large,197767336,cuda,fp32,320,1,3,0.057091600028797984,57.091600028797984,57.091600028797984,17.515711584463965,764.76025390625,811.63525390625,PASS
convnext_large,197767336,cuda,fp32,320,4,1,0.1978639999870211,197.8639999870211,49.46599999675527,20.215905876068312,768.13134765625,957.63134765625,PASS
convnext_large,197767336,cuda,fp32,320,4,2,0.1988975999993272,198.8975999993272,49.7243999998318,20.110851010839397,768.13134765625,957.63134765625,PASS
convnext_large,197767336,cuda,fp32,320,4,3,0.1987508999882266,198.7508999882266,49.68772499705665,20.12569502949143,768.13134765625,957.63134765625,PASS
convnext_large,197767336,cuda,fp32,320,16,1,0.7770287999883294,777.0287999883294,48.56429999927059,20.591257364257686,782.2392578125,1534.2392578125,PASS
convnext_large,197767336,cuda,fp32,320,16,2,0.7797500999877229,779.7500999877229,48.73438124923268,20.519394611494015,782.2392578125,1534.2392578125,PASS
convnext_large,197767336,cuda,fp32,320,16,3,0.7814547999878414,781.4547999878414,48.84092499924009,20.47463269820461,782.2392578125,1534.2392578125,PASS
convnext_large,197767336,cuda,fp16,160,1,1,0.010104999993927777,10.104999993927777,10.104999993927777,98.96091049984292,385.69580078125,395.06201171875,PASS
convnext_large,197767336,cuda,fp16,160,1,2,0.00964509998448193,9.64509998448193,9.64509998448193,103.67958876620325,385.69580078125,395.06201171875,PASS
convnext_large,197767336,cuda,fp16,160,1,3,0.010361199965700507,10.361199965700507,10.361199965700507,96.51391762637324,385.69580078125,395.06201171875,PASS
convnext_large,197767336,cuda,fp16,160,4,1,0.022334799985401332,22.334799985401332,5.583699996350333,179.09271641628825,386.14111328125,410.57080078125,PASS
convnext_large,197767336,cuda,fp16,160,4,2,0.02241660002619028,22.41660002619028,5.60415000654757,178.43919217573705,386.14111328125,410.57080078125,PASS
convnext_large,197767336,cuda,fp16,160,4,3,0.02237810002407059,22.37810002407059,5.594525006017648,178.7461846938513,386.14111328125,410.57080078125,PASS
convnext_large,197767336,cuda,fp16,160,16,1,0.06863350002095103,68.63350002095103,4.2895937513094395,233.12230900530858,388.25,483.0,PASS
convnext_large,197767336,cuda,fp16,160,16,2,0.06853039999259636,68.53039999259636,4.283149999537272,233.47302805366013,388.25,483.0,PASS
convnext_large,197767336,cuda,fp16,160,16,3,0.06832269998267293,68.32269998267293,4.270168748917058,234.1827826484858,388.25,483.0,PASS
convnext_large,197767336,cuda,fp16,224,1,1,0.013442000024951994,13.442000024951994,13.442000024951994,74.39369127687316,385.83642578125,399.02392578125,PASS
convnext_large,197767336,cuda,fp16,224,1,2,0.013462800008710474,13.462800008710474,13.462800008710474,74.27875325734594,385.83642578125,399.02392578125,PASS
convnext_large,197767336,cuda,fp16,224,1,3,0.013499399996362627,13.499399996362627,13.499399996362627,74.07736642142962,385.83642578125,399.02392578125,PASS
convnext_large,197767336,cuda,fp16,224,4,1,0.040870699973311275,40.870699973311275,10.217674993327819,97.86962304565411,387.55517578125,433.49267578125,PASS
convnext_large,197767336,cuda,fp16,224,4,2,0.040522399998735636,40.52239999873564,10.13059999968391,98.71083647870823,387.55517578125,433.49267578125,PASS
convnext_large,197767336,cuda,fp16,224,4,3,0.04049709998071194,40.49709998071194,10.124274995177984,98.77250474491088,387.55517578125,433.49267578125,PASS
convnext_large,197767336,cuda,fp16,224,16,1,0.12510289996862411,125.10289996862411,7.818931248039007,127.89471710098495,390.171875,574.921875,PASS
convnext_large,197767336,cuda,fp16,224,16,2,0.12782629998400807,127.82629998400807,7.989143749000505,125.16985942643812,390.171875,574.921875,PASS
convnext_large,197767336,cuda,fp16,224,16,3,0.12982550001470372,129.82550001470372,8.114093750918983,123.2423522203872,390.171875,574.921875,PASS
convnext_large,197767336,cuda,fp16,320,1,1,0.02250870002899319,22.50870002899319,22.50870002899319,44.42726584440291,386.13525390625,410.56494140625,PASS
convnext_large,197767336,cuda,fp16,320,1,2,0.022486699977889657,22.486699977889657,22.486699977889657,44.47073163173179,386.13525390625,410.56494140625,PASS
convnext_large,197767336,cuda,fp16,320,1,3,0.022435199993196875,22.435199993196875,22.435199993196875,44.57281416271014,386.13525390625,410.56494140625,PASS
convnext_large,197767336,cuda,fp16,320,4,1,0.07641519996104762,76.41519996104762,19.103799990261905,52.34560665991826,388.22705078125,482.97705078125,PASS
convnext_large,197767336,cuda,fp16,320,4,2,0.07613409997429699,76.13409997429699,19.033524993574247,52.5388755019158,388.22705078125,482.97705078125,PASS
convnext_large,197767336,cuda,fp16,320,4,3,0.0763747000019066,76.3747000019066,19.09367500047665,52.37336447671997,388.22705078125,482.97705078125,PASS
convnext_large,197767336,cuda,fp16,320,16,1,0.2511987999896519,251.1987999896519,15.699924999353243,63.69457179197958,394.953125,770.953125,PASS
convnext_large,197767336,cuda,fp16,320,16,2,0.25225140003021806,252.25140003021806,15.765712501888629,63.42878571965628,394.953125,770.953125,PASS
convnext_large,197767336,cuda,fp16,320,16,3,0.2572546000010334,257.2546000010334,16.078412500064587,62.195194954475944,394.953125,770.953125,PASS
