memory_budget_mb,config,feasible,pareto_within_budget,throughput_img_s,median_latency_ms,compute_power_w,compute_energy_img_j,cuda_peak_mb
0.0,all_cpu,1,1,1.6184514450586334,619.8011999949813,36.85125,23.047978729690172,0.0
250.0,all_cpu,1,1,1.6184514450586334,619.8011999949813,36.85125,23.047978729690172,0.0
300.0,all_cpu,1,0,1.6184514450586334,619.8011999949813,36.85125,23.047978729690172,0.0
300.0,stage3_pipe,1,1,1.8882660879369344,573.0557000060799,40.389925,21.38995412671361,290.1171875
300.0,stage3_seq,1,0,1.6999310932928735,597.1395000087796,39.656325,23.08020009391134,290.1171875
500.0,all_cpu,1,0,1.6184514450586334,619.8011999949813,36.85125,23.047978729690172,0.0
500.0,stage3_pipe,1,1,1.8882660879369344,573.0557000060799,40.389925,21.38995412671361,290.1171875
500.0,stage3_seq,1,0,1.6999310932928735,597.1395000087796,39.656325,23.08020009391134,290.1171875
750.0,all_cpu,1,0,1.6184514450586334,619.8011999949813,36.85125,23.047978729690172,0.0
750.0,stage3_pipe,1,1,1.8882660879369344,573.0557000060799,40.389925,21.38995412671361,290.1171875
750.0,stage3_seq,1,0,1.6999310932928735,597.1395000087796,39.656325,23.08020009391134,290.1171875
790.0,all_cpu,1,0,1.6184514450586334,619.8011999949813,36.85125,23.047978729690172,0.0
790.0,stage2_pipe,1,1,8.112503804597916,165.70189999765716,68.773525,8.390260242687354,789.6953125
790.0,stage2_seq,1,0,6.030942944014329,165.57740001007915,57.173875,9.43364580549415,789.6953125
790.0,stage3_pipe,1,0,1.8882660879369344,573.0557000060799,40.389925,21.38995412671361,290.1171875
790.0,stage3_seq,1,0,1.6999310932928735,597.1395000087796,39.656325,23.08020009391134,290.1171875
800.0,all_cpu,1,0,1.6184514450586334,619.8011999949813,36.85125,23.047978729690172,0.0
800.0,stage2_pipe,1,1,8.112503804597916,165.70189999765716,68.773525,8.390260242687354,789.6953125
800.0,stage2_seq,1,0,6.030942944014329,165.57740001007915,57.173875,9.43364580549415,789.6953125
800.0,stage3_pipe,1,0,1.8882660879369344,573.0557000060799,40.389925,21.38995412671361,290.1171875
800.0,stage3_seq,1,0,1.6999310932928735,597.1395000087796,39.656325,23.08020009391134,290.1171875
810.0,all_cpu,1,0,1.6184514450586334,619.8011999949813,36.85125,23.047978729690172,0.0
810.0,stage1_pipe,1,1,14.557009293939641,117.13820000295527,89.4088,6.1419758821767445,807.15673828125
810.0,stage1_seq,1,0,8.95246901436799,110.03709999204148,78.0912,8.729922274514873,807.15673828125
810.0,stage2_pipe,1,0,8.112503804597916,165.70189999765716,68.773525,8.390260242687354,789.6953125
810.0,stage2_seq,1,0,6.030942944014329,165.57740001007915,57.173875,9.43364580549415,789.6953125
810.0,stage3_pipe,1,0,1.8882660879369344,573.0557000060799,40.389925,21.38995412671361,290.1171875
810.0,stage3_seq,1,0,1.6999310932928735,597.1395000087796,39.656325,23.08020009391134,290.1171875
820.0,all_cpu,1,0,1.6184514450586334,619.8011999949813,36.85125,23.047978729690172,0.0
820.0,all_gpu,1,1,16.75043345734746,59.78599999798462,87.120075,5.207675900581654,812.38134765625
820.0,stage1_pipe,1,0,14.557009293939641,117.13820000295527,89.4088,6.1419758821767445,807.15673828125
820.0,stage1_seq,1,0,8.95246901436799,110.03709999204148,78.0912,8.729922274514873,807.15673828125
820.0,stage2_pipe,1,0,8.112503804597916,165.70189999765716,68.773525,8.390260242687354,789.6953125
820.0,stage2_seq,1,0,6.030942944014329,165.57740001007915,57.173875,9.43364580549415,789.6953125
820.0,stage3_pipe,1,0,1.8882660879369344,573.0557000060799,40.389925,21.38995412671361,290.1171875
820.0,stage3_seq,1,0,1.6999310932928735,597.1395000087796,39.656325,23.08020009391134,290.1171875
