qos,repeat,threads,duration_sec,images,throughput_img_s,latency_ms_img,qos_controlled,qos_throttled
system,1,4,10.041255999999521,18,1.7926044311588967,557.8475555555289,False,False
system,2,4,10.308539700000438,19,1.8431320587531126,542.5547210526546,False,False
system,3,4,10.22085640000023,18,1.761104871799157,567.8253555555683,False,False
eco,1,4,10.042916599999444,13,1.2944446835295556,772.5320461538033,True,True
eco,2,4,10.110878800000137,13,1.2857438267383665,777.7599076923182,True,True
eco,3,4,10.487039300000106,13,1.2396253726254147,806.6953307692389,True,True
high,1,4,10.161562700000104,18,1.7713810888555375,564.5312611111168,True,False
high,2,4,10.322234499999468,18,1.7438084748027114,573.4574722221927,True,False
high,3,4,10.532453699999678,18,1.7090034775088117,585.1363166666488,True,False
