precision,profile,resolution,batch,repeat,no_monitor_img_s,monitored_img_s,monitor_delta_pct,mean_power_w,energy_batch_j,energy_img_j,mps_allocated_mb,power_samples
fp32,light,160,1,1,68.22184320686912,68.15284145102956,-0.1011432007639125,11.700894736842105,0.17168608802979474,0.17168608802979474,338.33642578125,19
fp32,light,160,1,2,69.30341200796053,69.02808784590776,-0.3972736032406944,11.501631578947368,0.1666224856847056,0.1666224856847056,338.33642578125,19
fp32,light,160,1,3,69.18263861682591,69.27658141364807,0.13578955457665126,11.616947368421053,0.1676893855234666,0.1676893855234666,338.33642578125,19
fp32,medium,224,4,1,58.19783282984014,58.16287523357635,-0.06006683507613897,16.028473684210525,1.102316460102205,0.27557911502555127,341.16845703125,19
fp32,medium,224,4,2,58.10033234858752,57.4246698037517,-1.162923717513381,15.550894736842105,1.0832204897293898,0.27080512243234744,341.16845703125,19
fp32,medium,224,4,3,56.78258091670753,56.628373432254755,-0.27157533518770116,14.561526315789473,1.0285675136482324,0.2571418784120581,341.16845703125,19
fp32,heavy,320,16,1,27.831361301981726,27.867670874476886,0.1304627973500328,13.825954545454545,7.938061050156752,0.496128815634797,357.04345703125,22
fp32,heavy,320,16,2,27.787943072911855,27.576762252508498,-0.7599728409160988,14.36109090909091,8.33228543806128,0.52076783987883,357.04345703125,22
fp32,heavy,320,16,3,27.51554176683114,27.543259693710738,0.10073553017592772,14.440045454545455,8.388285549421857,0.5242678468388661,357.04345703125,22
fp16,light,160,1,1,78.29029702869214,78.28786176642225,-0.003110554388357647,11.108684210526317,0.1418953584869889,0.1418953584869889,169.136962890625,19
fp16,light,160,1,2,78.37775933108755,77.71396307318821,-0.8469191561030617,12.125789473684211,0.1560310270403348,0.1560310270403348,169.136962890625,19
fp16,light,160,1,3,76.90264151732978,77.26323690925344,0.46889857722558664,12.319473684210527,0.15944806582048707,0.15944806582048707,169.136962890625,19
fp16,medium,224,4,1,65.38500728945823,61.4382333554835,-6.036206307208068,16.150105263157894,1.0514693786660754,0.26286734466651884,170.552978515625,19
fp16,medium,224,4,2,61.548635424717666,63.92198535189629,3.8560561266732747,13.779473684210526,0.8622681919751574,0.21556704799378934,170.552978515625,19
fp16,medium,224,4,3,64.56201814389257,66.69397336938282,3.3021818195624713,13.523421052631578,0.8110730471991804,0.2027682617997951,170.552978515625,19
fp16,heavy,320,16,1,32.542115139505576,32.41467371941363,-0.3916199655296416,13.978695652173913,6.899934652151993,0.43124591575949955,178.490478515625,23
fp16,heavy,320,16,2,32.6068897327798,34.01977532330979,4.33308911738862,15.497142857142856,7.28853389999879,0.4555333687499244,178.490478515625,21
fp16,heavy,320,16,3,34.33924646367422,35.00287607830493,1.932568949446017,14.264904761904763,6.520563501121563,0.4075352188200977,178.490478515625,21
