workload,resolution,batch,threads,repeat,latency_sec,throughput_img_s,mean_power_w,energy_run_j,energy_img_j,samples
highres_single,320,1,1,1,1.5763836249971064,0.634363351751916,5.460666666666667,8.608105514900865,8.608105514900865,3
highres_single,320,1,1,2,1.580727749998914,0.6326200068295675,5.821666666666666,9.202470051243678,9.202470051243678,3
highres_single,320,1,1,3,1.5692712909949478,0.637238446748096,5.493333333333333,8.62053029186558,8.62053029186558,3
highres_single,320,1,4,1,0.7452196249942062,1.3418862929271014,13.451,10.02394917579707,10.02394917579707,1
highres_single,320,1,4,2,0.7443764579948038,1.3434062687766795,13.416,9.986554560458288,9.986554560458288,1
highres_single,320,1,4,3,0.7470262499991804,1.3386410450785324,13.456,10.051985219988971,10.051985219988971,1
highres_single,320,1,10,1,1.0394442079996224,0.9620525972475891,12.458,12.949395943259297,12.949395943259297,1
highres_single,320,1,10,2,0.9614726669969968,1.0400711682458297,12.271,11.79823109672015,11.79823109672015,1
highres_single,320,1,10,3,1.0565124160057167,0.946510409958674,12.0545,12.735728918740913,12.735728918740913,2
batch_workload,224,8,1,1,5.817054166996968,1.3752665473510572,5.797090909090909,33.721991829187516,4.2152489786484395,11
batch_workload,224,8,1,2,5.897792166011641,1.3564397955735306,6.225727272727273,36.71804553681593,4.589755692101991,11
batch_workload,224,8,1,3,6.134471749988734,1.3041057691747773,6.92,42.45054450992204,5.306318063740255,12
batch_workload,224,8,4,1,2.379180832998827,3.3625018699887717,14.32925,34.091876951248445,4.261484618906056,4
batch_workload,224,8,4,2,2.2438686249952298,3.565271117428725,15.5525,34.897766790238315,4.362220848779789,4
batch_workload,224,8,4,3,2.3500556249928195,3.404174741618911,14.83625,34.86601276629972,4.358251595787465,4
batch_workload,224,8,10,1,2.5808341250085505,3.099773023953446,14.5348,37.51190784017428,4.688988480021785,5
batch_workload,224,8,10,2,2.5134769160067663,3.1828420420545704,15.14325,38.06220930831946,4.7577761635399325,4
batch_workload,224,8,10,3,2.500187832993106,3.1997595918314587,15.1005,37.7540863721124,4.71926079651405,4
