precision,profile,resolution,batch,repeat,throughput_img_s,rss_A_before_model_mb,rss_B_cpu_model_mb,rss_C_device_model_mb,rss_D_input_mb,rss_E_warmup_mb,rss_F_pre_inference_mb,rss_F_inference_peak_mb,rss_delta_A_B_model_load_mb,rss_delta_B_C_device_transfer_mb,rss_delta_C_D_input_mb,rss_delta_D_E_warmup_mb,rss_delta_E_F_inference_mb,mps_C_current_mb,mps_C_driver_mb,mps_D_current_mb,mps_D_driver_mb,mps_E_current_mb,mps_E_driver_mb,mps_F_pre_current_mb,mps_F_pre_driver_mb,mps_F_current_mb,mps_F_driver_mb,system_used_A_mb,system_used_E_mb,system_available_E_mb,memory_sample_count
fp32,light,160,1,1,39.74377355320257,308.4375,1752.203125,255.46875,366.09375,390.3125,390.3125,390.875,1443.765625,-1496.734375,110.625,24.21875,0.5625,754.438232421875,1648.453125,754.731201171875,1648.453125,754.735107421875,1674.78125,754.735107421875,1674.703125,754.735107421875,1674.78125,11657.078125,13403.203125,2980.796875,49
fp32,light,160,1,2,40.052329483655285,308.015625,1810.953125,949.609375,1033.421875,911.84375,700.921875,701.25,1502.9375,-861.34375,83.8125,-121.578125,-210.59375,754.438232421875,1648.453125,754.731201171875,1648.453125,754.735107421875,1674.78125,754.735107421875,1674.703125,754.735107421875,1674.78125,11168.3125,12637.46875,3746.53125,50
fp32,light,160,1,3,40.023734011485125,308.125,1811.015625,1069.421875,1043.40625,1063.46875,807.890625,808.125,1502.890625,-741.59375,-26.015625,20.0625,-255.34375,754.438232421875,1648.453125,754.731201171875,1648.453125,754.735107421875,1674.78125,754.735107421875,1674.703125,754.735107421875,1674.78125,11125.390625,13129.796875,3254.203125,50
fp32,medium,224,4,1,29.038428951972254,308.1875,1811.046875,804.796875,513.59375,504.015625,443.4375,443.609375,1502.859375,-1006.25,-291.203125,-9.578125,-60.40625,754.438232421875,1648.453125,756.750732421875,1648.453125,756.76611328125,1674.78125,756.76611328125,1674.703125,756.76611328125,1674.78125,11150.453125,13418.390625,2965.609375,54
fp32,medium,224,4,2,28.675280926036294,307.921875,1810.640625,1069.109375,1178.171875,732.28125,732.28125,732.5,1502.71875,-741.53125,109.0625,-445.890625,0.21875,754.438232421875,1648.453125,756.750732421875,1648.453125,756.76611328125,1674.78125,756.76611328125,1674.703125,756.76611328125,1674.78125,11086.953125,13034.28125,3349.71875,49
fp32,medium,224,4,3,28.016525109179742,308.078125,1810.96875,1069.46875,1163.203125,991.109375,717.515625,717.734375,1502.890625,-741.5,93.734375,-172.09375,-273.375,754.438232421875,1648.453125,756.750732421875,1648.453125,756.76611328125,1674.78125,756.76611328125,1674.703125,756.76611328125,1674.78125,11212.046875,13267.953125,3116.046875,51
fp32,heavy,320,16,1,14.00532199500305,308.234375,1811.03125,1069.515625,1178.5625,192.0625,198.484375,216.859375,1502.796875,-741.515625,109.046875,-986.5,24.796875,754.438232421875,1648.453125,773.438232421875,1648.453125,773.499267578125,2704.78125,773.499267578125,1680.703125,773.499267578125,2704.78125,11305.375,13688.625,2695.375,89
fp32,heavy,320,16,2,14.953053253238208,308.125,1810.8125,1069.296875,1034.3125,379.265625,384.5,395.375,1502.6875,-741.515625,-34.984375,-655.046875,16.109375,754.438232421875,1648.453125,773.438232421875,1648.453125,773.499267578125,2704.78125,773.499267578125,1680.703125,773.499267578125,2704.78125,10915.515625,13598.109375,2785.890625,83
fp32,heavy,320,16,3,14.101314807141065,308.15625,1810.984375,1069.5,1178.578125,247.765625,252.671875,260.546875,1502.828125,-741.484375,109.078125,-930.8125,12.78125,754.438232421875,1648.453125,773.438232421875,1648.453125,773.499267578125,2704.78125,773.499267578125,1680.703125,773.499267578125,2704.78125,10716.59375,13440.203125,2943.796875,89
fp16,light,160,1,1,46.298705377441216,308.46875,1811.171875,1070.09375,1179.109375,1199.515625,1199.515625,1199.875,1502.703125,-741.078125,109.015625,20.40625,0.359375,381.221923828125,1320.453125,381.368408203125,1320.453125,381.370361328125,1344.78125,381.370361328125,1336.703125,381.370361328125,1344.78125,10782.765625,12775.8125,3608.1875,49
fp16,light,160,1,2,45.36912296655671,308.203125,1811.0,1070.0,1179.015625,1199.265625,1199.265625,1199.6875,1502.796875,-741.0,109.015625,20.25,0.421875,381.221923828125,1320.453125,381.368408203125,1320.453125,381.370361328125,1344.78125,381.370361328125,1336.703125,381.370361328125,1344.78125,11003.703125,12856.28125,3527.71875,50
fp16,light,160,1,3,43.44257742836833,310.640625,1810.90625,1069.453125,1178.5,1199.03125,1199.046875,1199.390625,1500.265625,-741.453125,109.046875,20.53125,0.359375,381.221923828125,1320.46875,381.368408203125,1320.453125,381.370361328125,1344.78125,381.370361328125,1336.703125,381.370361328125,1344.78125,11002.4375,12778.421875,3605.578125,50
fp16,medium,224,4,1,34.53763831897156,308.0625,1810.78125,1069.765625,1178.828125,1209.734375,1209.765625,1209.921875,1502.71875,-741.015625,109.0625,30.90625,0.1875,381.221923828125,1320.453125,383.284423828125,1320.453125,383.292236328125,1336.78125,383.292236328125,1336.703125,383.292236328125,1336.78125,10903.6875,12701.984375,3682.015625,50
fp16,medium,224,4,2,35.1929297404158,308.453125,1811.03125,1070.015625,1179.0625,1209.75,1209.75,1209.921875,1502.578125,-741.015625,109.046875,30.6875,0.171875,381.221923828125,1320.453125,383.284423828125,1320.453125,383.292236328125,1336.78125,383.292236328125,1336.703125,383.292236328125,1336.78125,10798.59375,12643.4375,3740.5625,49
fp16,medium,224,4,3,34.35409120097312,308.28125,1811.046875,1070.09375,1179.140625,1209.890625,1209.90625,1210.09375,1502.765625,-740.953125,109.046875,30.75,0.203125,381.221923828125,1320.453125,383.284423828125,1320.453125,383.292236328125,1336.78125,383.292236328125,1336.703125,383.292236328125,1336.78125,10854.890625,12618.0,3766.0,50
fp16,heavy,320,16,1,18.356353246233247,307.9375,1810.921875,1069.921875,1178.984375,1212.4375,1212.484375,1213.296875,1502.984375,-741.0,109.0625,33.453125,0.859375,381.221923828125,1320.453125,390.721923828125,1320.453125,390.75244140625,1338.78125,390.75244140625,1338.703125,390.75244140625,1338.78125,10922.265625,12691.40625,3692.59375,68
fp16,heavy,320,16,2,18.35877851046403,307.890625,1810.765625,1069.890625,1178.9375,1212.96875,1212.96875,1213.78125,1502.875,-740.875,109.046875,34.03125,0.8125,381.221923828125,1320.453125,390.721923828125,1320.453125,390.75244140625,1338.78125,390.75244140625,1338.703125,390.75244140625,1338.78125,10810.453125,12575.140625,3808.859375,68
fp16,heavy,320,16,3,18.256508871194075,308.25,1811.1875,1070.15625,1179.21875,1213.671875,1213.671875,1213.890625,1502.9375,-741.03125,109.0625,34.453125,0.21875,381.221923828125,1320.453125,390.721923828125,1320.453125,390.75244140625,1338.78125,390.75244140625,1338.703125,390.75244140625,1338.78125,10798.75,12598.75,3785.25,69
