session,precision,profile,no_monitor_img_s,monitored_img_s,monitor_delta_pct,power_w,j_per_img,allocated_mb
1,fp32,light,39.71,38.85,-0.09,15.16,0.3902,754.7
1,fp32,medium,28.23,27.91,-2.19,15.02,0.5382,756.8
1,fp32,heavy,13.97,13.76,-2.02,16.63,1.2279,773.4
1,fp16,light,46.85,47.05,0.41,13.47,0.2864,381.4
1,fp16,medium,36.1,33.13,-0.16,21.71,0.6579,382.4
1,fp16,heavy,17.47,17.58,1.13,19.05,1.0818,390.7
2,fp32,light,40.35,40.27,-0.18,14.15,0.3514,754.7
2,fp32,medium,29.41,29.33,-0.26,15.94,0.5434,756.8
2,fp32,heavy,14.39,14.45,0.51,14.83,1.0258,773.4
2,fp16,light,47.23,44.5,-2.73,16.72,0.3758,381.4
2,fp16,medium,35.41,35.6,0.53,16.57,0.4654,382.4
2,fp16,heavy,18.4,18.5,0.44,17.29,0.9307,390.7
3,fp32,light,38.25,40.11,0.06,14.28,0.3549,754.7
3,fp32,medium,28.09,27.78,-3.33,15.8,0.5688,756.8
3,fp32,heavy,14.27,14.33,0.32,14.5,1.0117,773.4
3,fp16,light,47.25,46.87,-0.99,13.67,0.2917,381.4
3,fp16,medium,33.22,33.56,-2.77,17.09,0.5092,382.4
3,fp16,heavy,17.73,18.01,1.19,17.28,0.9593,390.7
