workload,resolution,batch,threads,repeat,no_monitor_img_s,monitored_img_s,monitor_delta_pct,mean_power_w,energy_img_j,samples
highres_single,320,1,1,1,0.665400921317498,0.6270535563068853,-5.763046575692234,18.214285714285715,29.047416334836143,7
highres_single,320,1,1,2,0.6266913812868293,0.6329556842816411,0.9995833965274582,20.057142857142857,31.688068146360457,7
highres_single,320,1,1,3,0.640373686222983,0.6821273715537322,6.520206284086795,21.12857142857143,30.974525154217627,7
highres_single,320,1,8,1,2.3474604990246823,2.2727856235492485,-3.181091886592323,38.77142857142857,17.05899059273438,7
highres_single,320,1,8,2,2.235472409959128,2.2351826019964562,-0.012964059023084099,37.2,16.64293555558866,7
highres_single,320,1,8,3,2.2072022562804046,2.2123157273164233,0.23167206455452083,36.84285714285714,16.653525845313297,7
highres_single,320,1,16,1,2.2463295636748484,2.266361849634921,0.8917785833393498,37.05714285714286,16.350938338956,7
highres_single,320,1,16,2,2.178963238153711,2.2547675005420698,3.47891424054449,36.58571428571429,16.22593649984697,7
highres_single,320,1,16,3,2.2559792453800758,2.1495647296849554,-4.71699887811655,36.28333333333333,16.879386246094153,6
batched_load,224,2,1,1,1.068046004339324,1.0503058858376084,-1.6609882373643063,19.32857142857143,18.40280216382591,7
batched_load,224,2,1,2,1.0322992651488185,1.0403028250188362,0.7753139172160364,19.7,18.936793716428966,7
batched_load,224,2,1,3,0.9841793497569451,0.9991356311130056,1.5196703080342178,18.616666666666667,18.632772255282585,6
batched_load,224,2,8,1,3.788112768717413,3.7175024321964383,-1.8639977432583748,32.32857142857143,8.696314802266453,7
batched_load,224,2,8,2,3.6894086117812854,3.7698794450841793,2.181130955403763,32.471428571428575,8.613386460877532,7
batched_load,224,2,8,3,3.716392130727884,3.7567672547417157,1.0864064553361303,31.87142857142857,8.483737854987183,7
batched_load,224,2,16,1,4.6268998505238095,4.600267706008815,-0.5755937101595107,37.41428571428572,8.133067052905558,7
batched_load,224,2,16,2,4.55448377256478,4.566038893675595,0.25370868989411677,36.27142857142857,7.943740606692599,7
batched_load,224,2,16,3,4.241114469608914,4.598714452372897,8.431745601928025,36.72857142857143,7.986704068920784,7
