cut,cut_after_feature,mode,repeat,threads,resolution,microbatch_size,num_microbatches,wall_ms,throughput_img_s,effective_ms_per_img,median_cpu_stage_ms,median_h2d_ms,median_gpu_stage_ms,median_e2e_latency_ms,first_output_ms,pipeline_speedup,max_abs_diff_seq_vs_pipe
after_stage1,1,sequential,1,4,320,1,12,1284.8709999816492,9.339458980840401,107.0725833318041,63.39739997929428,1.0646000009728596,42.50175000925083,107.27809999661986,108.71859997860156,1.4855300053277227,0.0
after_stage1,1,pipeline,1,4,320,1,12,864.9242999963462,13.87404654956589,72.07702499969552,67.7980999898864,1.6856999864103273,45.815549994586036,114.63424999965355,116.58040000475012,1.4855300053277227,0.0
after_stage1,1,sequential,2,4,320,1,12,1297.7379000221845,9.24685947739899,108.1448250018487,64.06580000475515,1.1439999943831936,43.14560000784695,108.70495000563096,105.14970001531765,1.5665665093181387,0.0
after_stage1,1,pipeline,2,4,320,1,12,828.3962999994401,14.485820373664284,69.03302499995334,65.6782000005478,1.5502500027650967,46.18244999437593,112.80944998725317,112.36559998360462,1.5665665093181387,0.0
after_stage1,1,sequential,3,4,320,1,12,1300.743399973726,9.225493667884374,108.39528333114383,63.24529999983497,1.0748500062618405,43.242750005447306,107.78875001415145,119.09019999438897,1.4867219029506133,0.0
after_stage1,1,pipeline,3,4,320,1,12,874.9070000194479,13.71574350157589,72.90891666828733,67.98940000589937,1.6843500052345917,45.70460002287291,115.43525000161026,118.88010002439842,1.4867219029506133,0.0
after_stage2,3,sequential,1,4,320,1,12,1978.2338999793865,6.0660167638038365,164.85282499828222,116.6951000050176,0.7384499913314357,46.06635001255199,163.56130001076963,166.85239999787882,1.3578944745237533,0.0
after_stage2,3,pipeline,1,4,320,1,12,1456.839200021932,8.237010645937689,121.40326666849434,118.61770000541583,1.5842499997233972,41.325500002130866,161.89509999821894,168.14760002307594,1.3578944745237533,0.0
after_stage2,3,sequential,2,4,320,1,12,1871.527999988757,6.411873079148209,155.96066666572975,113.71550000330899,0.7519999926444143,40.99550000682939,156.82265000941698,159.74069997901097,1.3139413515638414,0.0
after_stage2,3,pipeline,2,4,320,1,12,1424.36189998989,8.424825179671807,118.6968249991575,115.06360000930727,1.537149990326725,41.147150011966005,157.86320001643617,165.9106999868527,1.3139413515638414,0.0
after_stage2,3,sequential,3,4,320,1,12,1955.9698000084609,6.1350640485083625,162.9974833340384,115.7422999967821,0.7428499957313761,41.44704999634996,159.86524999607354,162.81270000035875,1.2962073751753678,0.0
after_stage2,3,pipeline,3,4,320,1,12,1508.9945000072476,7.95231526684979,125.74954166727063,121.38720000803005,1.566949998959899,41.89895000308752,167.80005001055542,186.99719998403452,1.2962073751753678,0.0
after_stage3,5,sequential,1,4,320,1,12,7088.698799983831,1.6928353621157344,590.7248999986525,527.1947500004899,1.5178999892668799,61.61404999147635,590.3918000112753,602.1225999866147,1.1539821964656263,0.0
after_stage3,5,pipeline,1,4,320,1,12,6142.814699996961,1.9535018694289992,511.9012249997468,510.49719998263754,1.7951000045286492,61.52045000635553,573.9085499953944,564.1706000023987,1.1539821964656263,0.0
after_stage3,5,sequential,2,4,320,1,12,6959.3246000004,1.7243052580130132,579.9437166667001,508.99409998964984,1.5211999852908775,61.559349996969104,572.0992999849841,590.0659000035375,1.1289745850781383,0.0
after_stage3,5,pipeline,2,4,320,1,12,6164.288100000704,1.9466968132132938,513.6906750000586,508.05589999072254,1.800249985535629,61.572350008646026,571.455999990576,607.6491999847349,1.1289745850781383,0.0
after_stage3,5,sequential,3,4,320,1,12,7108.822600013809,1.6880432492402735,592.4018833344841,527.5748499989277,1.4636500127380714,61.40845001209527,590.5718000140041,610.1435000018682,1.1202249986113322,0.0
after_stage3,5,pipeline,3,4,320,1,12,6345.888199983165,1.890988246536054,528.8240166652637,519.8083499999484,1.889500010292977,61.6689000162296,583.51140000741,583.4806000057142,1.1202249986113322,0.0
