placement,allowed_cpus,process_affinity_mask,threads,repeat,duration_sec,images,throughput_img_s,latency_ms_img,qos_controlled,qos_throttled
unrestricted,,65535,4,1,10.34017689999746,19,1.8374927415414595,544.2198368419715,True,False
unrestricted,,65535,4,2,10.036724199999298,19,1.8930479329103542,528.2486421052263,True,False
unrestricted,,65535,4,3,10.369520599997486,19,1.8322929991579944,545.7642421051308,True,False
four_physical,"[0, 2, 4, 6]",85,4,1,10.50211400000262,19,1.8091595653975245,552.7428421054011,True,False
four_physical,"[0, 2, 4, 6]",85,4,2,10.198664499999722,18,1.7649369679726683,566.5924722222068,True,False
four_physical,"[0, 2, 4, 6]",85,4,3,10.269067100001848,18,1.752836925176656,570.5037277778805,True,False
two_physical_smt,"[0, 1, 2, 3]",15,4,1,10.104821500004618,12,1.1875519028212933,842.0684583337182,True,False
two_physical_smt,"[0, 1, 2, 3]",15,4,2,10.206449899997097,12,1.1757271252566883,850.5374916664247,True,False
two_physical_smt,"[0, 1, 2, 3]",15,4,3,10.645859800002654,12,1.1271987632222067,887.1549833335545,True,False
