modality,difficulty,model,precision,quantization,workload,profile,resolution,context_tokens,output_tokens,batch,measurement_mode,mac_backend,msi_backend,mac_throughput,msi_throughput,throughput_unit,winner,winner_speedup_x,msi_over_mac_x,mac_source,msi_source
text,easy,DistilGPT2,default_uncontrolled,none,medium,,,128.0,64.0,4.0,sustained_power,mps,cuda,551.271475990254,633.4737977557412,tok/s,MSI,1.149114048786628,1.149114048786628,distilgpt2_easy_mps_power_final.csv,distilgpt2_easy_cuda_nvml_final.csv
text,easy,DistilGPT2,default_uncontrolled,none,light,,,32.0,32.0,1.0,sustained_power,mps,cuda,206.22615564716887,160.3147551195662,tok/s,Mac,1.2863828753214945,0.777373532549614,distilgpt2_easy_mps_power_final.csv,distilgpt2_easy_cuda_nvml_final.csv
text,easy,DistilGPT2,default_uncontrolled,none,heavy,,,512.0,128.0,8.0,sustained_power,mps,cuda,588.6559506473163,733.5491902448813,tok/s,MSI,1.2461424868605047,1.2461424868605047,distilgpt2_easy_mps_power_final.csv,distilgpt2_easy_cuda_nvml_final.csv
text,hard,Qwen3-1.7B,q4_k_m,Q4_K_M,grid,heavy,,1024.0,128.0,4.0,sustained_power,llama.cpp/metal,llama.cpp/cuda,91.29,235.5,tok/s,MSI,2.579691094314821,2.579691094314821,qwen3_hard_q4_mac_accel_power_synced.csv,qwen3_hard_q4_cuda_nvml_power.csv
text,hard,Qwen3-1.7B,q4_k_m,Q4_K_M,grid,light,,128.0,64.0,1.0,sustained_power,llama.cpp/metal,llama.cpp/cuda,72.22,112.8,tok/s,MSI,1.561894212129604,1.561894212129604,qwen3_hard_q4_mac_accel_power_synced.csv,qwen3_hard_q4_cuda_nvml_power.csv
text,hard,Qwen3-1.7B,q4_k_m,Q4_K_M,grid,medium,,512.0,128.0,2.0,sustained_power,llama.cpp/metal,llama.cpp/cuda,113.38,191.8,tok/s,MSI,1.6916563767860295,1.6916563767860295,qwen3_hard_q4_mac_accel_power_synced.csv,qwen3_hard_q4_cuda_nvml_power.csv
text,medium,Qwen2.5-1.5B-Instruct,fp16,none,grid,heavy,,1024.0,128.0,4.0,sustained_power,mps,cuda,53.96,66.76206894602004,tok/s,MSI,1.2372510924021505,1.2372510924021505,qwen25_medium_mps_power_summary.csv,qwen25_medium_cuda_nvml_power.csv
text,medium,Qwen2.5-1.5B-Instruct,fp16,none,grid,light,,128.0,64.0,1.0,sustained_power,mps,cuda,24.4,27.724000712500406,tok/s,MSI,1.1362295373975577,1.1362295373975577,qwen25_medium_mps_power_summary.csv,qwen25_medium_cuda_nvml_power.csv
text,medium,Qwen2.5-1.5B-Instruct,fp16,none,grid,medium,,512.0,128.0,2.0,sustained_power,mps,cuda,41.81,38.13796585934977,tok/s,Mac,1.0962829049192724,0.9121733044570621,qwen25_medium_mps_power_summary.csv,qwen25_medium_cuda_nvml_power.csv
vision,easy,ResNet50,fp16,none,grid,light,160.0,,,1.0,sustained_power,mps,cuda,111.82478401544962,113.18420174905862,img/s,MSI,1.0121566765863028,1.0121566765863028,resnet50_vision_easy_mps_power_500ms.csv,resnet50_vision_easy_msi_cuda_power.csv
vision,easy,ResNet50,fp16,none,grid,medium,224.0,,,4.0,sustained_power,mps,cuda,180.20101968747855,407.27653183315806,img/s,MSI,2.2601233474677063,2.2601233474677063,resnet50_vision_easy_mps_power_500ms.csv,resnet50_vision_easy_msi_cuda_power.csv
vision,easy,ResNet50,fp16,none,grid,heavy,320.0,,,16.0,sustained_power,mps,cuda,121.70649260662357,281.4824294804761,img/s,MSI,2.312797151999738,2.312797151999738,resnet50_vision_easy_mps_power_500ms.csv,resnet50_vision_easy_msi_cuda_power.csv
vision,easy,ResNet50,fp32,none,grid,light,160.0,,,1.0,sustained_power,mps,cuda,100.57879226429233,157.4889967688537,img/s,MSI,1.5658270816676503,1.5658270816676503,resnet50_vision_easy_mps_power_500ms.csv,resnet50_vision_easy_msi_cuda_power.csv
vision,easy,ResNet50,fp32,none,grid,medium,224.0,,,4.0,sustained_power,mps,cuda,134.80882222003402,266.0714123074504,img/s,MSI,1.9736943615839213,1.9736943615839213,resnet50_vision_easy_mps_power_500ms.csv,resnet50_vision_easy_msi_cuda_power.csv
vision,easy,ResNet50,fp32,none,grid,heavy,320.0,,,16.0,sustained_power,mps,cuda,85.09826827607505,158.04288208919743,img/s,MSI,1.8571809425836507,1.8571809425836507,resnet50_vision_easy_mps_power_500ms.csv,resnet50_vision_easy_msi_cuda_power.csv
vision,hard,ConvNeXt-Large,fp16,none,grid,light,160.0,,,1.0,sustained_power,mps,cuda,47.23,102.78793166918739,img/s,MSI,2.1763271579332497,2.1763271579332497,convnext_large_vision_hard_mac_mps_power_canonical.csv,convnext_large_vision_hard_msi_cuda_power.csv
vision,hard,ConvNeXt-Large,fp16,none,grid,medium,224.0,,,4.0,sustained_power,mps,cuda,35.41,94.10077459251468,img/s,MSI,2.65746327569937,2.65746327569937,convnext_large_vision_hard_mac_mps_power_canonical.csv,convnext_large_vision_hard_msi_cuda_power.csv
vision,hard,ConvNeXt-Large,fp16,none,grid,heavy,320.0,,,16.0,sustained_power,mps,cuda,17.73,60.90866941046307,img/s,MSI,3.4353451444141605,3.4353451444141605,convnext_large_vision_hard_mac_mps_power_canonical.csv,convnext_large_vision_hard_msi_cuda_power.csv
vision,hard,ConvNeXt-Large,fp32,none,grid,light,160.0,,,1.0,sustained_power,mps,cuda,39.71,47.629224113218605,img/s,MSI,1.199426444553478,1.199426444553478,convnext_large_vision_hard_mac_mps_power_canonical.csv,convnext_large_vision_hard_msi_cuda_power.csv
vision,hard,ConvNeXt-Large,fp32,none,grid,medium,224.0,,,4.0,sustained_power,mps,cuda,28.23,37.30040966056431,img/s,MSI,1.3213039199633125,1.3213039199633125,convnext_large_vision_hard_mac_mps_power_canonical.csv,convnext_large_vision_hard_msi_cuda_power.csv
vision,hard,ConvNeXt-Large,fp32,none,grid,heavy,320.0,,,16.0,sustained_power,mps,cuda,14.27,19.66405604053286,img/s,MSI,1.3779997225320855,1.3779997225320855,convnext_large_vision_hard_mac_mps_power_canonical.csv,convnext_large_vision_hard_msi_cuda_power.csv
vision,medium,ConvNeXt-Base,fp16,none,grid,light,160.0,,,1.0,sustained_power,mps,cuda,78.29029702869214,88.88923346227378,img/s,MSI,1.1353799491870276,1.1353799491870276,convnext_base_vision_medium_mac_mps_power.csv,convnext_base_vision_medium_msi_cuda_power.csv
vision,medium,ConvNeXt-Base,fp16,none,grid,medium,224.0,,,4.0,sustained_power,mps,cuda,64.56201814389257,171.5447197979566,img/s,MSI,2.6570532447673236,2.6570532447673236,convnext_base_vision_medium_mac_mps_power.csv,convnext_base_vision_medium_msi_cuda_power.csv
vision,medium,ConvNeXt-Base,fp16,none,grid,heavy,320.0,,,16.0,sustained_power,mps,cuda,32.6068897327798,117.0938211060214,img/s,MSI,3.591076059864325,3.591076059864325,convnext_base_vision_medium_mac_mps_power.csv,convnext_base_vision_medium_msi_cuda_power.csv
vision,medium,ConvNeXt-Base,fp32,none,grid,light,160.0,,,1.0,sustained_power,mps,cuda,69.18263861682591,89.30653604354521,img/s,MSI,1.2908807444910746,1.2908807444910746,convnext_base_vision_medium_mac_mps_power.csv,convnext_base_vision_medium_msi_cuda_power.csv
vision,medium,ConvNeXt-Base,fp32,none,grid,medium,224.0,,,4.0,sustained_power,mps,cuda,58.10033234858752,73.99512625985668,img/s,MSI,1.273574922358522,1.273574922358522,convnext_base_vision_medium_mac_mps_power.csv,convnext_base_vision_medium_msi_cuda_power.csv
vision,medium,ConvNeXt-Base,fp32,none,grid,heavy,320.0,,,16.0,sustained_power,mps,cuda,27.787943072911855,39.57444783570347,img/s,MSI,1.4241589502276364,1.4241589502276364,convnext_base_vision_medium_mac_mps_power.csv,convnext_base_vision_medium_msi_cuda_power.csv
