scenario,repeat,phase,sample,combined_power_w
medium,1,idle,0,0.061
medium,1,idle,1,0.049
medium,1,idle,2,0.084
medium,1,idle,3,3.643
medium,1,idle,4,0.202
medium,1,idle,5,0.278
medium,1,idle,6,3.301
medium,1,idle,7,1.983
medium,1,idle,8,0.373
medium,1,idle,9,0.319
medium,1,idle,10,0.222
medium,1,idle,11,0.047
medium,1,idle,12,0.081
medium,1,idle,13,0.272
medium,1,idle,14,0.398
medium,1,idle,15,0.381
medium,1,idle,16,0.399
medium,1,idle,17,0.122
medium,1,idle,18,0.149
medium,1,idle,19,1.506
medium,1,idle,20,0.142
medium,1,idle,21,0.037
medium,1,idle,22,0.681
medium,1,idle,23,0.152
medium,1,idle,24,0.612
medium,1,idle,25,0.049
medium,1,idle,26,0.076
medium,1,idle,27,0.066
medium,1,idle,28,0.185
medium,1,idle,29,0.043
medium,1,workload,0,4.421
medium,1,workload,1,5.449
medium,1,workload,2,5.003
medium,1,workload,3,5.351
medium,1,workload,4,4.949
medium,1,workload,5,4.974
medium,1,workload,6,5.141
medium,1,workload,7,5.162
medium,1,workload,8,5.894
medium,1,workload,9,5.319
medium,1,workload,10,5.357
medium,1,workload,11,5.302
medium,1,workload,12,5.202
medium,1,workload,13,5.523
medium,1,workload,14,5.131
medium,1,workload,15,7.629
medium,1,workload,16,5.095
medium,1,workload,17,8.448
medium,1,workload,18,6.363
medium,1,workload,19,6.023
medium,1,workload,20,4.946
medium,1,workload,21,5.388
medium,1,workload,22,8.265
medium,1,workload,23,5.612
medium,1,workload,24,5.174
medium,1,workload,25,5.032
medium,1,workload,26,5.31
medium,1,workload,27,4.89
medium,1,workload,28,4.612
medium,1,workload,29,3.05
medium,1,workload,30,0.068
medium,1,workload,31,0.031
medium,1,workload,32,0.052
medium,1,workload,33,0.209
medium,1,workload,34,0.041
medium,1,workload,35,0.035
medium,1,workload,36,0.033
medium,1,workload,37,0.041
medium,1,workload,38,0.039
medium,1,workload,39,0.047
medium,1,workload,40,0.066
medium,1,workload,41,0.037
medium,1,workload,42,0.039
medium,1,workload,43,0.031
medium,1,workload,44,0.043
medium,1,workload,45,0.033
medium,1,workload,46,0.045
medium,1,workload,47,0.039
medium,1,workload,48,0.072
medium,1,workload,49,0.041
medium,1,workload,50,0.468
medium,1,workload,51,0.631
medium,1,workload,52,0.037
medium,1,workload,53,0.039
medium,1,workload,54,0.035
medium,1,workload,55,2.374
medium,1,workload,56,0.043
medium,1,workload,57,0.334
medium,1,workload,58,1.312
medium,1,workload,59,0.107
medium,1,workload,60,0.041
medium,1,workload,61,0.049
medium,1,workload,62,0.037
medium,1,workload,63,0.049
medium,1,workload,64,0.082
medium,1,workload,65,0.051
medium,1,workload,66,0.29
medium,1,workload,67,2.431
medium,1,workload,68,0.043
medium,1,workload,69,0.813
medium,1,workload,70,0.123
medium,1,workload,71,0.062
medium,1,workload,72,0.041
medium,1,workload,73,0.041
medium,1,workload,74,0.033
medium,1,workload,75,0.041
medium,1,workload,76,0.051
medium,1,workload,77,0.031
medium,1,workload,78,0.142
medium,1,workload,79,0.047
medium,2,idle,0,0.247
medium,2,idle,1,0.087
medium,2,idle,2,5.681
medium,2,idle,3,6.214
medium,2,idle,4,0.84
medium,2,idle,5,0.554
medium,2,idle,6,0.386
medium,2,idle,7,0.336
medium,2,idle,8,1.155
medium,2,idle,9,1.325
medium,2,idle,10,1.381
medium,2,idle,11,0.076
medium,2,idle,12,2.0
medium,2,idle,13,0.164
medium,2,idle,14,0.047
medium,2,idle,15,1.397
medium,2,idle,16,2.933
medium,2,idle,17,0.958
medium,2,idle,18,0.265
medium,2,idle,19,0.249
medium,2,idle,20,0.105
medium,2,idle,21,0.275
medium,2,idle,22,0.167
medium,2,idle,23,0.111
medium,2,idle,24,0.624
medium,2,idle,25,1.209
medium,2,idle,26,0.753
medium,2,idle,27,0.182
medium,2,idle,28,0.799
medium,2,idle,29,0.366
medium,2,workload,0,4.473
medium,2,workload,1,5.388
medium,2,workload,2,5.318
medium,2,workload,3,5.782
medium,2,workload,4,5.58
medium,2,workload,5,4.813
medium,2,workload,6,5.123
medium,2,workload,7,4.837
medium,2,workload,8,5.123
medium,2,workload,9,5.368
medium,2,workload,10,5.398
medium,2,workload,11,5.68
medium,2,workload,12,5.008
medium,2,workload,13,5.179
medium,2,workload,14,5.224
medium,2,workload,15,9.289
medium,2,workload,16,4.861
medium,2,workload,17,5.045
medium,2,workload,18,8.375
medium,2,workload,19,5.529
medium,2,workload,20,5.353
medium,2,workload,21,5.918
medium,2,workload,22,4.982
medium,2,workload,23,8.43
medium,2,workload,24,5.528
medium,2,workload,25,4.605
medium,2,workload,26,5.431
medium,2,workload,27,4.574
medium,2,workload,28,8.706
medium,2,workload,29,5.647
medium,2,workload,30,4.399
medium,2,workload,31,5.478
medium,2,workload,32,6.731
medium,2,workload,33,6.436
medium,2,workload,34,5.812
medium,2,workload,35,4.479
medium,2,workload,36,5.68
medium,2,workload,37,4.702
medium,2,workload,38,8.694
medium,2,workload,39,5.65
medium,2,workload,40,4.421
medium,2,workload,41,5.531
medium,2,workload,42,4.818
medium,2,workload,43,4.753
medium,2,workload,44,4.719
medium,2,workload,45,5.991
medium,2,workload,46,5.483
medium,2,workload,47,6.634
medium,2,workload,48,7.898
medium,2,workload,49,5.308
medium,2,workload,50,9.915
medium,2,workload,51,13.328
medium,2,workload,52,10.371
medium,2,workload,53,8.736
medium,2,workload,54,8.735
medium,2,workload,55,5.747
medium,2,workload,56,5.008
medium,2,workload,57,3.252
medium,2,workload,58,2.389
medium,2,workload,59,0.068
medium,2,workload,60,0.056
medium,2,workload,61,0.082
medium,2,workload,62,0.047
medium,2,workload,63,0.26
medium,2,workload,64,0.049
medium,2,workload,65,0.374
medium,2,workload,66,1.193
medium,2,workload,67,0.758
medium,2,workload,68,0.037
medium,2,workload,69,0.06
medium,2,workload,70,0.045
medium,2,workload,71,0.086
medium,2,workload,72,0.033
medium,2,workload,73,0.078
medium,2,workload,74,0.027
medium,2,workload,75,0.139
medium,2,workload,76,0.619
medium,2,workload,77,0.074
medium,2,workload,78,0.043
medium,2,workload,79,0.101
medium,3,idle,0,0.059
medium,3,idle,1,0.074
medium,3,idle,2,0.035
medium,3,idle,3,0.066
medium,3,idle,4,2.862
medium,3,idle,5,0.088
medium,3,idle,6,0.031
medium,3,idle,7,0.084
medium,3,idle,8,0.072
medium,3,idle,9,0.094
medium,3,idle,10,0.146
medium,3,idle,11,0.064
medium,3,idle,12,0.031
medium,3,idle,13,0.078
medium,3,idle,14,0.045
medium,3,idle,15,0.088
medium,3,idle,16,0.663
medium,3,idle,17,0.084
medium,3,idle,18,0.025
medium,3,idle,19,0.066
medium,3,idle,20,0.053
medium,3,idle,21,0.047
medium,3,idle,22,0.062
medium,3,idle,23,0.043
medium,3,idle,24,0.211
medium,3,idle,25,3.381
medium,3,idle,26,5.904
medium,3,idle,27,9.524
medium,3,idle,28,14.896
medium,3,idle,29,8.875
medium,3,workload,0,10.118
medium,3,workload,1,8.698
medium,3,workload,2,7.576
medium,3,workload,3,14.929
medium,3,workload,4,16.169
medium,3,workload,5,14.847
medium,3,workload,6,9.088
medium,3,workload,7,7.305
medium,3,workload,8,6.547
medium,3,workload,9,4.704
medium,3,workload,10,5.138
medium,3,workload,11,5.225
medium,3,workload,12,5.331
medium,3,workload,13,4.952
medium,3,workload,14,5.321
medium,3,workload,15,6.628
medium,3,workload,16,0.064
medium,3,workload,17,0.091
medium,3,workload,18,0.122
medium,3,workload,19,0.462
medium,3,workload,20,0.019
medium,3,workload,21,0.158
medium,3,workload,22,0.019
medium,3,workload,23,0.075
medium,3,workload,24,0.158
medium,3,workload,25,1.32
medium,3,workload,26,0.1
medium,3,workload,27,0.05
medium,3,workload,28,0.064
medium,3,workload,29,0.052
medium,3,workload,30,0.073
medium,3,workload,31,0.056
medium,3,workload,32,0.035
medium,3,workload,33,0.06
medium,3,workload,34,0.031
medium,3,workload,35,0.054
medium,3,workload,36,0.033
medium,3,workload,37,0.092
medium,3,workload,38,0.061
medium,3,workload,39,1.006
medium,3,workload,40,0.081
medium,3,workload,41,0.027
medium,3,workload,42,0.046
medium,3,workload,43,0.06
medium,3,workload,44,0.062
medium,3,workload,45,0.119
medium,3,workload,46,0.054
medium,3,workload,47,0.019
medium,3,workload,48,0.075
medium,3,workload,49,0.415
medium,3,workload,50,0.101
medium,3,workload,51,0.048
medium,3,workload,52,0.083
medium,3,workload,53,0.033
medium,3,workload,54,1.506
medium,3,workload,55,0.882
medium,3,workload,56,0.066
medium,3,workload,57,4.229
medium,3,workload,58,0.66
medium,3,workload,59,0.031
medium,3,workload,60,0.06
medium,3,workload,61,0.021
medium,3,workload,62,0.069
medium,3,workload,63,1.554
medium,3,workload,64,0.154
medium,3,workload,65,0.084
medium,3,workload,66,0.038
medium,3,workload,67,0.081
medium,3,workload,68,0.066
medium,3,workload,69,0.177
medium,3,workload,70,0.035
medium,3,workload,71,0.067
medium,3,workload,72,0.023
medium,3,workload,73,0.071
medium,3,workload,74,0.04
medium,3,workload,75,0.05
medium,3,workload,76,0.723
medium,3,workload,77,0.396
medium,3,workload,78,0.102
medium,3,workload,79,0.054
heavy,1,idle,0,0.156
heavy,1,idle,1,0.063
heavy,1,idle,2,0.054
heavy,1,idle,3,0.052
heavy,1,idle,4,0.624
heavy,1,idle,5,0.054
heavy,1,idle,6,0.033
heavy,1,idle,7,0.048
heavy,1,idle,8,0.021
heavy,1,idle,9,0.048
heavy,1,idle,10,0.067
heavy,1,idle,11,3.386
heavy,1,idle,12,7.875
heavy,1,idle,13,7.907
heavy,1,idle,14,8.135
heavy,1,idle,15,6.423
heavy,1,idle,16,11.969
heavy,1,idle,17,13.577
heavy,1,idle,18,11.766
heavy,1,idle,19,10.73
heavy,1,idle,20,7.61
heavy,1,idle,21,6.431
heavy,1,idle,22,5.416
heavy,1,idle,23,5.172
heavy,1,idle,24,6.535
heavy,1,idle,25,7.84
heavy,1,idle,26,7.948
heavy,1,idle,27,9.911
heavy,1,idle,28,6.168
heavy,1,idle,29,3.087
heavy,1,workload,0,12.349
heavy,1,workload,1,12.567
heavy,1,workload,2,12.511
heavy,1,workload,3,12.543
heavy,1,workload,4,11.088
heavy,1,workload,5,11.813
heavy,1,workload,6,12.621
heavy,1,workload,7,11.735
heavy,1,workload,8,12.223
heavy,1,workload,9,14.251
heavy,1,workload,10,10.728
heavy,1,workload,11,9.946
heavy,1,workload,12,13.109
heavy,1,workload,13,13.263
heavy,1,workload,14,11.332
heavy,1,workload,15,13.848
heavy,1,workload,16,6.807
heavy,1,workload,17,6.661
heavy,1,workload,18,3.084
heavy,1,workload,19,3.903
heavy,1,workload,20,4.973
heavy,1,workload,21,4.361
heavy,1,workload,22,5.67
heavy,1,workload,23,8.461
heavy,1,workload,24,7.722
heavy,1,workload,25,11.968
heavy,1,workload,26,2.971
heavy,1,workload,27,3.297
heavy,1,workload,28,4.427
heavy,1,workload,29,2.513
heavy,1,workload,30,3.279
heavy,1,workload,31,2.341
heavy,1,workload,32,2.99
heavy,1,workload,33,3.571
heavy,1,workload,34,3.066
heavy,1,workload,35,3.997
heavy,1,workload,36,3.685
heavy,1,workload,37,2.931
heavy,1,workload,38,4.292
heavy,1,workload,39,4.21
heavy,1,workload,40,4.215
heavy,1,workload,41,3.767
heavy,1,workload,42,5.036
heavy,1,workload,43,4.033
heavy,1,workload,44,8.794
heavy,1,workload,45,4.339
heavy,1,workload,46,5.629
heavy,1,workload,47,4.55
heavy,1,workload,48,9.815
heavy,1,workload,49,8.122
heavy,1,workload,50,9.97
heavy,1,workload,51,2.49
heavy,1,workload,52,5.114
heavy,1,workload,53,4.147
heavy,1,workload,54,3.012
heavy,1,workload,55,3.675
heavy,1,workload,56,2.462
heavy,1,workload,57,1.651
heavy,1,workload,58,2.001
heavy,1,workload,59,3.059
heavy,1,workload,60,3.509
heavy,1,workload,61,1.984
heavy,1,workload,62,3.247
heavy,1,workload,63,3.362
heavy,1,workload,64,4.085
heavy,1,workload,65,4.065
heavy,1,workload,66,5.445
heavy,1,workload,67,7.793
heavy,1,workload,68,5.067
heavy,1,workload,69,5.174
heavy,1,workload,70,7.306
heavy,1,workload,71,10.311
heavy,1,workload,72,10.582
heavy,1,workload,73,7.431
heavy,1,workload,74,3.651
heavy,1,workload,75,4.286
heavy,1,workload,76,3.134
heavy,1,workload,77,3.755
heavy,1,workload,78,3.276
heavy,1,workload,79,3.662
heavy,2,idle,0,0.043
heavy,2,idle,1,0.065
heavy,2,idle,2,0.037
heavy,2,idle,3,0.155
heavy,2,idle,4,0.111
heavy,2,idle,5,0.061
heavy,2,idle,6,0.747
heavy,2,idle,7,0.47
heavy,2,idle,8,0.089
heavy,2,idle,9,0.019
heavy,2,idle,10,0.14
heavy,2,idle,11,0.136
heavy,2,idle,12,0.062
heavy,2,idle,13,0.548
heavy,2,idle,14,0.22
heavy,2,idle,15,0.017
heavy,2,idle,16,0.083
heavy,2,idle,17,0.027
heavy,2,idle,18,0.067
heavy,2,idle,19,1.143
heavy,2,idle,20,2.001
heavy,2,idle,21,0.025
heavy,2,idle,22,0.054
heavy,2,idle,23,0.019
heavy,2,idle,24,0.052
heavy,2,idle,25,0.107
heavy,2,idle,26,0.714
heavy,2,idle,27,0.375
heavy,2,idle,28,0.069
heavy,2,idle,29,1.232
heavy,2,workload,0,16.419
heavy,2,workload,1,18.372
heavy,2,workload,2,14.624
heavy,2,workload,3,15.909
heavy,2,workload,4,13.323
heavy,2,workload,5,13.727
heavy,2,workload,6,15.79
heavy,2,workload,7,12.977
heavy,2,workload,8,13.622
heavy,2,workload,9,15.788
heavy,2,workload,10,13.992
heavy,2,workload,11,13.22
heavy,2,workload,12,13.446
heavy,2,workload,13,15.772
heavy,2,workload,14,12.452
heavy,2,workload,15,13.534
heavy,2,workload,16,4.508
heavy,2,workload,17,9.025
heavy,2,workload,18,5.201
heavy,2,workload,19,5.611
heavy,2,workload,20,4.625
heavy,2,workload,21,5.394
heavy,2,workload,22,9.587
heavy,2,workload,23,7.703
heavy,2,workload,24,11.467
heavy,2,workload,25,2.889
heavy,2,workload,26,4.111
heavy,2,workload,27,4.9
heavy,2,workload,28,3.286
heavy,2,workload,29,3.779
heavy,2,workload,30,1.986
heavy,2,workload,31,3.615
heavy,2,workload,32,3.14
heavy,2,workload,33,3.22
heavy,2,workload,34,3.864
heavy,2,workload,35,2.61
heavy,2,workload,36,2.269
heavy,2,workload,37,3.405
heavy,2,workload,38,3.739
heavy,2,workload,39,4.186
heavy,2,workload,40,4.241
heavy,2,workload,41,5.038
heavy,2,workload,42,4.032
heavy,2,workload,43,8.408
heavy,2,workload,44,4.913
heavy,2,workload,45,4.912
heavy,2,workload,46,6.189
heavy,2,workload,47,9.641
heavy,2,workload,48,9.785
heavy,2,workload,49,7.505
heavy,2,workload,50,3.124
heavy,2,workload,51,4.431
heavy,2,workload,52,4.669
heavy,2,workload,53,3.623
heavy,2,workload,54,2.982
heavy,2,workload,55,1.702
heavy,2,workload,56,1.774
heavy,2,workload,57,2.105
heavy,2,workload,58,3.267
heavy,2,workload,59,3.331
heavy,2,workload,60,1.894
heavy,2,workload,61,3.342
heavy,2,workload,62,3.587
heavy,2,workload,63,3.61
heavy,2,workload,64,3.615
heavy,2,workload,65,6.007
heavy,2,workload,66,7.811
heavy,2,workload,67,5.946
heavy,2,workload,68,4.838
heavy,2,workload,69,8.487
heavy,2,workload,70,7.778
heavy,2,workload,71,11.813
heavy,2,workload,72,4.645
heavy,2,workload,73,3.929
heavy,2,workload,74,3.558
heavy,2,workload,75,2.843
heavy,2,workload,76,2.103
heavy,2,workload,77,3.524
heavy,2,workload,78,4.03
heavy,2,workload,79,3.103
heavy,3,idle,0,8.842
heavy,3,idle,1,12.545
heavy,3,idle,2,9.706
heavy,3,idle,3,11.358
heavy,3,idle,4,5.99
heavy,3,idle,5,6.207
heavy,3,idle,6,6.472
heavy,3,idle,7,7.361
heavy,3,idle,8,6.213
heavy,3,idle,9,5.999
heavy,3,idle,10,5.977
heavy,3,idle,11,5.979
heavy,3,idle,12,5.851
heavy,3,idle,13,5.89
heavy,3,idle,14,5.904
heavy,3,idle,15,5.742
heavy,3,idle,16,6.147
heavy,3,idle,17,6.266
heavy,3,idle,18,6.287
heavy,3,idle,19,6.203
heavy,3,idle,20,7.134
heavy,3,idle,21,6.731
heavy,3,idle,22,6.306
heavy,3,idle,23,6.233
heavy,3,idle,24,6.209
heavy,3,idle,25,6.4
heavy,3,idle,26,6.213
heavy,3,idle,27,6.35
heavy,3,idle,28,3.634
heavy,3,idle,29,3.895
heavy,3,workload,0,13.363
heavy,3,workload,1,13.777
heavy,3,workload,2,17.904
heavy,3,workload,3,14.832
heavy,3,workload,4,14.307
heavy,3,workload,5,12.797
heavy,3,workload,6,16.184
heavy,3,workload,7,13.287
heavy,3,workload,8,11.524
heavy,3,workload,9,16.84
heavy,3,workload,10,13.316
heavy,3,workload,11,11.542
heavy,3,workload,12,12.787
heavy,3,workload,13,15.818
heavy,3,workload,14,13.961
heavy,3,workload,15,11.235
heavy,3,workload,16,0.033
heavy,3,workload,17,0.065
heavy,3,workload,18,0.035
heavy,3,workload,19,0.062
heavy,3,workload,20,0.027
heavy,3,workload,21,0.05
heavy,3,workload,22,0.027
heavy,3,workload,23,0.054
heavy,3,workload,24,0.67
heavy,3,workload,25,0.508
heavy,3,workload,26,0.108
heavy,3,workload,27,0.06
heavy,3,workload,28,0.201
heavy,3,workload,29,0.36
heavy,3,workload,30,1.011
heavy,3,workload,31,0.12
heavy,3,workload,32,0.021
heavy,3,workload,33,0.079
heavy,3,workload,34,0.023
heavy,3,workload,35,0.083
heavy,3,workload,36,0.015
heavy,3,workload,37,0.069
heavy,3,workload,38,0.056
heavy,3,workload,39,0.035
heavy,3,workload,40,0.048
heavy,3,workload,41,0.025
heavy,3,workload,42,0.05
heavy,3,workload,43,0.714
heavy,3,workload,44,0.387
heavy,3,workload,45,0.038
heavy,3,workload,46,1.1
heavy,3,workload,47,0.206
heavy,3,workload,48,0.06
heavy,3,workload,49,0.029
heavy,3,workload,50,0.156
heavy,3,workload,51,0.012
heavy,3,workload,52,0.077
heavy,3,workload,53,0.222
heavy,3,workload,54,0.046
heavy,3,workload,55,0.019
heavy,3,workload,56,0.059
heavy,3,workload,57,0.036
heavy,3,workload,58,0.062
heavy,3,workload,59,0.021
heavy,3,workload,60,0.05
heavy,3,workload,61,0.091
heavy,3,workload,62,0.752
heavy,3,workload,63,0.367
heavy,3,workload,64,0.077
heavy,3,workload,65,0.021
heavy,3,workload,66,0.195
heavy,3,workload,67,0.067
heavy,3,workload,68,1.42
heavy,3,workload,69,0.133
heavy,3,workload,70,0.025
heavy,3,workload,71,0.042
heavy,3,workload,72,0.056
heavy,3,workload,73,0.05
heavy,3,workload,74,0.052
heavy,3,workload,75,0.048
heavy,3,workload,76,0.046
heavy,3,workload,77,1.13
heavy,3,workload,78,0.015
heavy,3,workload,79,0.052
