scenario,repeat,context,output,batch,runs,duration_sec,throughput_tok_sec,avg_power_w,gpu_util_percent,vram_mb,energy_run_j,energy_token_j,samples
light,1,32,32,1,306,60.00028659999953,163.19922045172493,45.00541038525963,40.901172529313236,570.50390625,8.824632423745664,0.275769763242052,597
light,2,32,32,1,300,60.042921099986415,159.88562555132202,45.4956889632107,39.60033444816054,570.50390625,9.105646876025277,0.2845514648757899,598
light,3,32,32,1,301,60.0818059000012,160.3147551195662,46.03577926421405,39.7324414715719,570.50390625,9.189078917633916,0.28715871617605987,598
medium,1,128,64,4,149,60.21401379999588,633.4737977557412,56.60872954924875,56.51585976627713,610.50390625,22.876770619320126,0.08936238523171924,599
medium,2,128,64,4,153,60.2758896999876,649.8120590994455,57.484748333333336,57.975,610.50390625,22.646695097853243,0.08846365272598923,600
medium,3,128,64,4,113,60.08998079999583,481.41137032951104,51.54592642140468,41.331103678929765,610.50390625,27.410563973276147,0.10707251552060995,598
heavy,1,512,128,8,43,60.127429300016956,732.3113679165323,59.62591652754591,89.60267111853088,1054.50390625,83.37565303392394,0.08142153616594135,599
heavy,2,512,128,8,43,60.025967699999455,733.5491902448813,59.67240969899665,89.53010033444816,1054.50390625,83.29986365518853,0.08134752310077005,598
heavy,3,512,128,8,44,61.35902689999784,734.301084556502,59.67300818330605,90.19148936170212,1054.50390625,83.21540259825609,0.08126504159985946,611
