scenario,context,output,batch,repeat,runs,duration,throughput_tok_sec,idle_power_w,avg_power_w,energy_run_j,dynamic_energy_run_j
light,32,32,1,1,196,30.07258716599972,208.56203576296113,0.190125,1.5756,0.24174677723851612,0.2125756005296605
light,32,32,1,2,197,30.103770292000263,209.40898561384574,0.0865,1.5226166666666667,0.23267260089393133,0.2194544479484591
light,32,32,1,3,196,30.04395470899908,208.76079932717195,0.2871875,1.6294,0.2497633663410362,0.20574169163190015
medium,128,64,4,1,68,30.142455832999985,577.5242766032922,0.150625,2.3708833333333335,1.0509447964734675,0.9841770404463259
medium,128,64,4,2,65,30.27024504200017,549.7147438652012,0.7990625,4.708866666666666,2.1929007364631774,1.820780464480512
medium,128,64,4,3,64,30.211419540999486,542.311491777654,4.73375,4.058566666666667,1.9158603172153512,0.0
heavy,512,128,8,1,19,31.11325004199898,625.3284363972533,0.1481875,3.1940666666666666,5.230410255306011,4.987747374221867
heavy,512,128,8,2,18,30.636686499998177,601.6316418552998,6.6431875,7.93855,13.511714867475584,2.2047563786863282
heavy,512,128,8,3,18,30.64038591699864,601.5590028771248,3.0261875,5.1669833333333335,8.795464631112964,3.6441561390464465
