service_id,request_profile,device,backend,energy_boundary,precision,threads,resolution,batch,repeat_count,energy_unit,median_j_per_image,mean_j_per_image,sample_sd_j_per_image,minimum_j_per_image,maximum_j_per_image,cv_pct,source_csv,uncertainty_interpretation
vision_easy,heavy,Apple M4,mps,combined_soc,fp16,,320,16,3,J/image,0.11238274670219561,0.11827654086738042,0.010857441073746336,0.11164056680278008,0.13080630909716556,9.179707991224081,resnet50_vision_easy_mps_power_500ms.csv,descriptive_only_n3_no_statistical_guarantee
vision_easy,heavy,Apple M4,mps,combined_soc,fp32,,320,16,3,J/image,0.16151911952473383,0.16168799625310776,0.0006228173451708862,0.1611670323267424,0.16237783690784705,0.38519702117893945,resnet50_vision_easy_mps_power_500ms.csv,descriptive_only_n3_no_statistical_guarantee
vision_easy,light,Apple M4,mps,combined_soc,fp16,,160,1,3,J/image,0.055072195469525964,0.05555793612121594,0.01855116109155916,0.03725441542725737,0.0743471974668645,33.390659168987774,resnet50_vision_easy_mps_power_500ms.csv,descriptive_only_n3_no_statistical_guarantee
vision_easy,light,Apple M4,mps,combined_soc,fp32,,160,1,3,J/image,0.0524289314603751,0.058020467819378516,0.011130768571738356,0.050794008209757914,0.07083846378800253,19.18421031417596,resnet50_vision_easy_mps_power_500ms.csv,descriptive_only_n3_no_statistical_guarantee
vision_easy,medium,Apple M4,mps,combined_soc,fp16,,224,4,3,J/image,0.06455891225453587,0.06573429305907817,0.002205206043892055,0.06436576423302823,0.06827820268967041,3.354726948854753,resnet50_vision_easy_mps_power_500ms.csv,descriptive_only_n3_no_statistical_guarantee
vision_easy,medium,Apple M4,mps,combined_soc,fp32,,224,4,3,J/image,0.08317273074128603,0.08866367030193281,0.012659840230211439,0.07967633386590399,0.10314194629860841,14.278497818892415,resnet50_vision_easy_mps_power_500ms.csv,descriptive_only_n3_no_statistical_guarantee
vision_medium,medium,Intel i7-11800H,cpu,cpu_package,fp32,1,224,4,3,J/image,8.669524703403741,8.711055912698557,0.18484745069952518,8.550507014282928,8.913136020409002,2.121986732171739,convnext_base_vision_medium_msi_cpu_power.csv,descriptive_only_n3_no_statistical_guarantee
vision_medium,medium,Intel i7-11800H,cpu,cpu_package,fp32,16,224,4,3,J/image,3.777339426102976,3.8706164291734515,0.2755589237509267,3.653802333487838,4.18070752792954,7.119251643588223,convnext_base_vision_medium_msi_cpu_power.csv,descriptive_only_n3_no_statistical_guarantee
vision_medium,medium,Intel i7-11800H,cpu,cpu_package,fp32,8,224,4,3,J/image,3.9452931816932812,4.013099342719593,0.1554862024747281,3.903031236687775,4.190973609777722,3.874466819686512,convnext_base_vision_medium_msi_cpu_power.csv,descriptive_only_n3_no_statistical_guarantee
