scenario,deadline_ms,threads,observed_latency_ms,throughput_img_s,energy_j_per_image,throughput_gate,latency_gate,memory_gate,quality_gate,feasibility_status,scheduler_selection_status,partial_latency_eligible,partial_energy_leader_not_selected,partial_repeat_relation,energy_boundary,analysis_scope
below_all,383.2300950103672,1,1459.2382999835536,2.304961827111311,8.669524703403741,PASS,FAIL,UNKNOWN,UNKNOWN,INFEASIBLE,NO_FEASIBLE,False,,NOT_APPLICABLE_NO_PARTIAL_CANDIDATE,cpu_package,synthetic_partial_evidence_only
below_all,383.2300950103672,8,403.40010001091287,8.046301055440159,3.9452931816932812,PASS,FAIL,UNKNOWN,UNKNOWN,INFEASIBLE,NO_FEASIBLE,False,,NOT_APPLICABLE_NO_PARTIAL_CANDIDATE,cpu_package,synthetic_partial_evidence_only
below_all,383.2300950103672,16,428.08270000386983,9.91507441314165,3.777339426102976,PASS,FAIL,UNKNOWN,UNKNOWN,INFEASIBLE,NO_FEASIBLE,False,,NOT_APPLICABLE_NO_PARTIAL_CANDIDATE,cpu_package,synthetic_partial_evidence_only
eight_only,415.74140000739135,1,1459.2382999835536,2.304961827111311,8.669524703403741,PASS,FAIL,UNKNOWN,UNKNOWN,INFEASIBLE,NO_FEASIBLE,False,8,NOT_APPLICABLE_SOLE_PARTIAL_CANDIDATE,cpu_package,synthetic_partial_evidence_only
eight_only,415.74140000739135,8,403.40010001091287,8.046301055440159,3.9452931816932812,PASS,PASS,UNKNOWN,UNKNOWN,UNVERIFIED,NO_FEASIBLE,True,8,NOT_APPLICABLE_SOLE_PARTIAL_CANDIDATE,cpu_package,synthetic_partial_evidence_only
eight_only,415.74140000739135,16,428.08270000386983,9.91507441314165,3.777339426102976,PASS,FAIL,UNKNOWN,UNKNOWN,INFEASIBLE,NO_FEASIBLE,False,8,NOT_APPLICABLE_SOLE_PARTIAL_CANDIDATE,cpu_package,synthetic_partial_evidence_only
eight_and_sixteen,943.6604999937117,1,1459.2382999835536,2.304961827111311,8.669524703403741,PASS,FAIL,UNKNOWN,UNKNOWN,INFEASIBLE,NO_FEASIBLE,False,16,OBSERVED_OVERLAP_WITH_SOME,cpu_package,synthetic_partial_evidence_only
eight_and_sixteen,943.6604999937117,8,403.40010001091287,8.046301055440159,3.9452931816932812,PASS,PASS,UNKNOWN,UNKNOWN,UNVERIFIED,NO_FEASIBLE,True,16,OBSERVED_OVERLAP_WITH_SOME,cpu_package,synthetic_partial_evidence_only
eight_and_sixteen,943.6604999937117,16,428.08270000386983,9.91507441314165,3.777339426102976,PASS,PASS,UNKNOWN,UNKNOWN,UNVERIFIED,NO_FEASIBLE,True,16,OBSERVED_OVERLAP_WITH_SOME,cpu_package,synthetic_partial_evidence_only
all_three,1532.2002149827315,1,1459.2382999835536,2.304961827111311,8.669524703403741,PASS,PASS,UNKNOWN,UNKNOWN,UNVERIFIED,NO_FEASIBLE,True,16,OBSERVED_OVERLAP_WITH_SOME,cpu_package,synthetic_partial_evidence_only
all_three,1532.2002149827315,8,403.40010001091287,8.046301055440159,3.9452931816932812,PASS,PASS,UNKNOWN,UNKNOWN,UNVERIFIED,NO_FEASIBLE,True,16,OBSERVED_OVERLAP_WITH_SOME,cpu_package,synthetic_partial_evidence_only
all_three,1532.2002149827315,16,428.08270000386983,9.91507441314165,3.777339426102976,PASS,PASS,UNKNOWN,UNKNOWN,UNVERIFIED,NO_FEASIBLE,True,16,OBSERVED_OVERLAP_WITH_SOME,cpu_package,synthetic_partial_evidence_only
