model,backend,quantization,workload,context_tokens,output_tokens,batch,threads,repeat,peak_working_set_mib,max_sampled_private_commit_mib,memory_measurement,poll_interval_s,samples,exit_code
ggml-org/Qwen3-1.7B-GGUF:Q4_K_M,cpu,q4_k_m,long_single,128,128,1,1,1,4356.67578125,5590.2421875,windows_psapi,0.2,188,0
ggml-org/Qwen3-1.7B-GGUF:Q4_K_M,cpu,q4_k_m,long_single,128,128,1,1,2,4781.84375,5588.5546875,windows_psapi,0.2,136,0
ggml-org/Qwen3-1.7B-GGUF:Q4_K_M,cpu,q4_k_m,long_single,128,128,1,1,3,5005.12109375,5588.43359375,windows_psapi,0.2,167,0
ggml-org/Qwen3-1.7B-GGUF:Q4_K_M,cpu,q4_k_m,long_single,128,128,1,4,1,5107.15234375,5591.14453125,windows_psapi,0.2,76,0
ggml-org/Qwen3-1.7B-GGUF:Q4_K_M,cpu,q4_k_m,long_single,128,128,1,4,2,5155.84375,5591.8828125,windows_psapi,0.2,74,0
ggml-org/Qwen3-1.7B-GGUF:Q4_K_M,cpu,q4_k_m,long_single,128,128,1,4,3,5122.8359375,5591.703125,windows_psapi,0.2,76,0
ggml-org/Qwen3-1.7B-GGUF:Q4_K_M,cpu,q4_k_m,long_single,128,128,1,8,1,4902.828125,5594.55859375,windows_psapi,0.2,68,0
ggml-org/Qwen3-1.7B-GGUF:Q4_K_M,cpu,q4_k_m,long_single,128,128,1,8,2,4972.359375,5594.703125,windows_psapi,0.2,111,0
ggml-org/Qwen3-1.7B-GGUF:Q4_K_M,cpu,q4_k_m,long_single,128,128,1,8,3,5175.109375,5593.18359375,windows_psapi,0.2,67,0
ggml-org/Qwen3-1.7B-GGUF:Q4_K_M,cpu,q4_k_m,long_single,128,128,1,16,1,5227.53515625,5600.79296875,windows_psapi,0.2,67,0
ggml-org/Qwen3-1.7B-GGUF:Q4_K_M,cpu,q4_k_m,long_single,128,128,1,16,2,5271.625,5600.66796875,windows_psapi,0.2,65,0
ggml-org/Qwen3-1.7B-GGUF:Q4_K_M,cpu,q4_k_m,long_single,128,128,1,16,3,5205.3671875,5602.48828125,windows_psapi,0.2,65,0
ggml-org/Qwen3-1.7B-GGUF:Q4_K_M,cpu,q4_k_m,batch,128,64,4,1,1,5390.4296875,5563.390625,windows_psapi,0.2,175,0
ggml-org/Qwen3-1.7B-GGUF:Q4_K_M,cpu,q4_k_m,batch,128,64,4,1,2,4959.421875,5560.69140625,windows_psapi,0.2,235,0
ggml-org/Qwen3-1.7B-GGUF:Q4_K_M,cpu,q4_k_m,batch,128,64,4,1,3,4914.6640625,5560.97265625,windows_psapi,0.2,255,0
ggml-org/Qwen3-1.7B-GGUF:Q4_K_M,cpu,q4_k_m,batch,128,64,4,4,1,4862.92578125,5562.47265625,windows_psapi,0.2,147,0
ggml-org/Qwen3-1.7B-GGUF:Q4_K_M,cpu,q4_k_m,batch,128,64,4,4,2,5140.3984375,5565.328125,windows_psapi,0.2,88,0
ggml-org/Qwen3-1.7B-GGUF:Q4_K_M,cpu,q4_k_m,batch,128,64,4,4,3,5097.90625,5566.29296875,windows_psapi,0.2,86,0
ggml-org/Qwen3-1.7B-GGUF:Q4_K_M,cpu,q4_k_m,batch,128,64,4,8,1,5221.88671875,5569.90625,windows_psapi,0.2,63,0
ggml-org/Qwen3-1.7B-GGUF:Q4_K_M,cpu,q4_k_m,batch,128,64,4,8,2,5274.6484375,5567.1640625,windows_psapi,0.2,66,0
ggml-org/Qwen3-1.7B-GGUF:Q4_K_M,cpu,q4_k_m,batch,128,64,4,8,3,5380.4765625,5570.11328125,windows_psapi,0.2,65,0
ggml-org/Qwen3-1.7B-GGUF:Q4_K_M,cpu,q4_k_m,batch,128,64,4,16,1,5257.33984375,5574.51171875,windows_psapi,0.2,75,0
ggml-org/Qwen3-1.7B-GGUF:Q4_K_M,cpu,q4_k_m,batch,128,64,4,16,2,5458.35546875,5575.0,windows_psapi,0.2,66,0
ggml-org/Qwen3-1.7B-GGUF:Q4_K_M,cpu,q4_k_m,batch,128,64,4,16,3,5265.60546875,5573.98046875,windows_psapi,0.2,66,0
