workload,threads,repeat,s_tg_tok_s,t_total_sec,median_power_w,mean_power_w,energy_run_j,energy_token_j,samples
long_single,1,1,9.05,15.18,21.65,21.225,322.19550000000004,2.5171523437500003,8
long_single,1,2,9.2,14.987,22.65,22.4875,337.0201625,2.63297001953125,8
long_single,1,3,9.23,14.932,22.0,21.85,326.2642,2.5489390625,8
long_single,4,1,18.13,7.982,34.4,33.839999999999996,270.11087999999995,2.1102412499999996,5
long_single,4,2,18.28,8.012,33.7,33.56,268.88272,2.10064625,5
long_single,4,3,18.17,8.002,36.5,35.24,281.99048000000005,2.2030506250000004,5
long_single,8,1,19.27,7.506,41.0,40.52,304.14312,2.376118125,5
long_single,8,2,18.96,7.65,41.2,40.2,307.53000000000003,2.4025781250000002,5
long_single,8,3,19.36,7.544,40.9,40.160000000000004,302.96704,2.36693,5
long_single,16,1,18.03,8.01,41.7,40.480000000000004,324.2448,2.5331625,5
long_single,16,2,17.8,7.946,41.6,41.42,329.12332,2.5712759375,5
long_single,16,3,18.27,7.769,41.5,40.24,312.62456000000003,2.4423793750000002,5
batch,1,1,9.33,29.469,22.6,24.046666666666667,708.63122,2.768090703125,15
batch,1,2,7.92,34.389,21.85,19.085,656.3140650000001,2.5637268164062506,20
batch,1,3,6.28,43.569,15.2,16.181818181818183,705.0256363636365,2.754006392045455,22
batch,4,1,29.41,11.321,34.5,34.6,391.7066,1.53010390625,6
batch,4,2,28.03,12.217,32.8,33.31428571428572,407.0006285714286,1.589846205357143,7
batch,4,3,29.42,11.54,32.7,33.17142857142857,382.79828571428567,1.4953058035714284,7
batch,8,1,43.9,8.297,39.4,37.66,312.46502,1.220566484375,5
batch,8,2,43.95,7.87,39.0,35.980000000000004,283.16260000000005,1.1061039062500002,5
batch,8,3,43.92,8.026,38.7,37.6,301.7776,1.17881875,5
batch,16,1,49.26,7.253,40.65,38.7,280.6911,1.096449609375,4
batch,16,2,46.84,7.632,36.4,37.26,284.36832,1.11081375,5
batch,16,3,49.05,7.185,40.099999999999994,38.45,276.26325,1.0791533203125,4
