workload,pp,tg,batch,threads,repeat,t_pp_sec,s_pp_tok_s,t_tg_sec,s_tg_tok_s,t_total_sec,s_total_tok_s
long_single,128,128,1,1,1,1.164,109.99,14.121,9.06,15.285,16.75
long_single,128,128,1,1,2,10.65,12.02,14.022,9.13,24.671,10.38
long_single,128,128,1,1,3,1.093,117.06,13.796,9.28,14.889,17.19
long_single,128,128,1,2,1,1.389,92.16,8.429,15.18,9.818,26.07
long_single,128,128,1,2,2,1.41,90.78,8.436,15.17,9.846,26.0
long_single,128,128,1,2,3,1.373,93.23,8.632,14.83,10.005,25.59
long_single,128,128,1,4,1,0.948,134.99,6.849,18.69,7.797,32.83
long_single,128,128,1,4,2,0.959,133.44,7.035,18.19,7.994,32.02
long_single,128,128,1,4,3,0.984,130.1,7.022,18.23,8.006,31.98
long_single,128,128,1,8,1,0.911,140.5,6.706,19.09,7.617,33.61
long_single,128,128,1,8,2,0.85,150.53,6.708,19.08,7.559,33.87
long_single,128,128,1,8,3,0.932,137.33,6.706,19.09,7.638,33.52
long_single,128,128,1,16,1,0.891,143.66,7.115,17.99,8.006,31.98
long_single,128,128,1,16,2,0.764,167.51,7.156,17.89,7.92,32.32
long_single,128,128,1,16,3,0.973,131.61,7.607,16.83,8.579,29.84
batch,128,64,4,1,1,2.64,193.97,39.839,6.43,42.479,18.08
batch,128,64,4,1,2,2.63,194.67,39.712,6.45,42.342,18.14
batch,128,64,4,1,3,2.853,179.44,40.58,6.31,43.433,17.68
batch,128,64,4,2,1,2.986,171.47,15.901,16.1,18.887,40.66
batch,128,64,4,2,2,3.424,149.51,15.688,16.32,19.112,40.18
batch,128,64,4,2,3,2.96,172.96,15.393,16.63,18.353,41.85
batch,128,64,4,4,1,3.196,160.22,8.977,28.52,12.172,63.09
batch,128,64,4,4,2,2.529,202.42,8.822,29.02,11.352,67.66
batch,128,64,4,4,3,2.654,192.89,8.879,28.83,11.533,66.59
batch,128,64,4,8,1,2.462,207.93,5.808,44.08,8.27,92.86
batch,128,64,4,8,2,2.122,241.27,5.839,43.84,7.961,96.47
batch,128,64,4,8,3,2.152,237.95,5.714,44.81,7.865,97.64
batch,128,64,4,16,1,2.118,241.71,5.189,49.33,7.307,105.1
batch,128,64,4,16,2,2.176,235.3,5.284,48.45,7.46,102.95
batch,128,64,4,16,3,2.121,241.41,5.24,48.85,7.361,104.33
