workload,context,output,batch,threads,repeat,latency_sec,throughput_tok_sec,dtype,status
long_single,128,128,1,1,1,12.314294542000425,10.39442410309659,float32,ok
long_single,128,128,1,1,2,12.185855749998154,10.503981224299277,float32,ok
long_single,128,128,1,1,3,12.163738415998523,10.52308062064589,float32,ok
long_single,128,128,1,2,1,12.18164470800184,10.50761231904258,float32,ok
long_single,128,128,1,2,2,12.148737333998724,10.536074365669831,float32,ok
long_single,128,128,1,2,3,12.217342625001038,10.476910071922381,float32,ok
long_single,128,128,1,4,1,12.143899249997048,10.540271898256329,float32,ok
long_single,128,128,1,4,2,12.167653874999814,10.519694372881062,float32,ok
long_single,128,128,1,4,3,12.148011042001599,10.53670428496003,float32,ok
long_single,128,128,1,6,1,12.381678749999992,10.33785503439912,float32,ok
long_single,128,128,1,6,2,12.365364833000058,10.35149400997859,float32,ok
long_single,128,128,1,6,3,12.31979420800053,10.38978393948141,float32,ok
long_single,128,128,1,8,1,12.385020249999798,10.335065863134304,float32,ok
long_single,128,128,1,8,2,12.360355208998953,10.355689447080747,float32,ok
long_single,128,128,1,8,3,12.411176625002554,10.313284861496657,float32,ok
long_single,128,128,1,10,1,12.457012999999279,10.275336471111286,float32,ok
long_single,128,128,1,10,2,12.5911891249998,10.165838883783904,float32,ok
long_single,128,128,1,10,3,12.464138874998753,10.269461956714022,float32,ok
batch4,128,64,4,1,1,11.58086083300077,22.10543790237972,float32,ok
batch4,128,64,4,1,2,11.598957750000409,22.070948572943202,float32,ok
batch4,128,64,4,1,3,11.574698707998323,22.1172063703999,float32,ok
batch4,128,64,4,2,1,11.477327125001466,22.304844778916006,float32,ok
batch4,128,64,4,2,2,11.474827583999286,22.30970340303598,float32,ok
batch4,128,64,4,2,3,11.474634791997232,22.310078241317306,float32,ok
batch4,128,64,4,4,1,11.432422624999163,22.392454197783714,float32,ok
batch4,128,64,4,4,2,11.426578375001554,22.4039070663588,float32,ok
batch4,128,64,4,4,3,11.397479958999611,22.461105518142087,float32,ok
batch4,128,64,4,6,1,11.583751082998788,22.099922396962196,float32,ok
batch4,128,64,4,6,2,11.566684749999695,22.13253023948861,float32,ok
batch4,128,64,4,6,3,11.61702462500034,22.036623684956034,float32,ok
batch4,128,64,4,8,1,11.776269666999724,21.738632626372414,float32,ok
batch4,128,64,4,8,2,11.665064374999929,21.945871173128573,float32,ok
batch4,128,64,4,8,3,12.171968665999884,21.03193057956911,float32,ok
batch4,128,64,4,10,1,11.708707541998592,21.864069888306616,float32,ok
batch4,128,64,4,10,2,11.755485375000717,21.77706762703402,float32,ok
batch4,128,64,4,10,3,11.692197291999037,21.894943577045236,float32,ok
