workload,context,output,batch,threads,repeat,latency_sec,throughput_tok_sec,dtype,status
long_single,128,16,1,1,1,886.8914942000001,0.018040538334886648,float32,ok
long_single,128,16,1,2,1,624.2988407999992,0.02562875173610289,float32,ok
long_single,128,16,1,4,1,395.2042911000008,0.04048539036726054,float32,ok
long_single,128,16,1,8,1,139.9321267000014,0.11434114793597173,float32,ok
long_single,128,16,1,16,1,114.7589493000014,0.13942267768741068,float32,ok
batch4,128,16,4,1,1,867.7060325000002,0.07375769857863698,float32,ok
batch4,128,16,4,2,1,609.3049972999997,0.10503770736101269,float32,ok
batch4,128,16,4,4,1,400.3317850000003,0.15986739599005348,float32,ok
batch4,128,16,4,8,1,171.1176441000007,0.3740116943323423,float32,ok
batch4,128,16,4,16,1,131.79375699999946,0.48560722037843007,float32,ok
