modality,difficulty,model,device,backend,precision,quantization,resolution,context_tokens,output_tokens,batch,threads,throughput,throughput_unit,latency_sec,power_w,energy_per_run_j,energy_per_item_j,memory_allocated_mb,memory_peak_mb,device_memory_used_mb,energy_boundary,has_latency,has_throughput,has_power,has_energy,has_memory,scheduler_core,workloads,profiles,measurement_modes,source_files
text,easy,DistilGPT2,Apple M4,mps,default_uncontrolled,none,,,,,,218.68037225504324,tok/s,0.14633229159990152,,,,,,,,1,1,0,0,0,0,grid,,short_latency,mac_text_latency.csv
text,easy,DistilGPT2,Apple M4,cpu,default_uncontrolled,none,,,,,1.0,187.35789884063473,tok/s,0.1707961084000999,,,,,,,,1,1,0,0,0,0,grid,,short_latency,mac_text_latency.csv
text,easy,DistilGPT2,Apple M4,cpu,default_uncontrolled,none,,,,,10.0,163.7571066454252,tok/s,0.19541136659972835,,,,,,,,1,1,0,0,0,0,grid,,short_latency,mac_text_latency.csv
text,easy,DistilGPT2,Apple M4,cpu,default_uncontrolled,none,,,,,2.0,181.45239893764918,tok/s,0.17635479160016984,,,,,,,,1,1,0,0,0,0,grid,,short_latency,mac_text_latency.csv
text,easy,DistilGPT2,Apple M4,cpu,default_uncontrolled,none,,,,,4.0,181.38147520482948,tok/s,0.17642374980059686,,,,,,,,1,1,0,0,0,0,grid,,short_latency,mac_text_latency.csv
text,easy,DistilGPT2,Apple M4,cpu,default_uncontrolled,none,,,,,6.0,174.8093690173525,tok/s,0.18305655000003754,,,,,,,,1,1,0,0,0,0,grid,,short_latency,mac_text_latency.csv
text,easy,DistilGPT2,Apple M4,cpu,default_uncontrolled,none,,,,,8.0,173.13654789107582,tok/s,0.18482521680016362,,,,,,,,1,1,0,0,0,0,grid,,short_latency,mac_text_latency.csv
text,easy,DistilGPT2,Apple M4,mps,default_uncontrolled,none,,128.0,32.0,1.0,,200.83986587683327,tok/s,0.15933091699844226,,,,313.237548828125,,,,1,1,0,0,1,0,grid,,short_sweep,distilgpt2_easy_mps_sweep.csv
text,easy,DistilGPT2,Apple M4,mps,default_uncontrolled,none,,128.0,64.0,1.0,,199.67075104225535,tok/s,0.32052766700144275,,,,313.23779296875,,,,1,1,0,0,1,0,grid,,short_sweep,distilgpt2_easy_mps_sweep.csv
text,easy,DistilGPT2,Apple M4,mps,default_uncontrolled,none,,128.0,128.0,1.0,,171.98836861439807,tok/s,0.744236375001492,,,,313.23828125,,,,1,1,0,0,1,0,grid,,short_sweep,distilgpt2_easy_mps_sweep.csv
text,easy,DistilGPT2,Apple M4,mps,default_uncontrolled,none,,128.0,32.0,2.0,,316.1857454301502,tok/s,0.20241266700031701,,,,313.24072265625,,,,1,1,0,0,1,0,grid,,short_sweep,distilgpt2_easy_mps_sweep.csv
text,easy,DistilGPT2,Apple M4,mps,default_uncontrolled,none,,128.0,64.0,2.0,,317.8696447944881,tok/s,0.4026807909976924,,,,313.2412109375,,,,1,1,0,0,1,0,grid,,short_sweep,distilgpt2_easy_mps_sweep.csv
text,easy,DistilGPT2,Apple M4,mps,default_uncontrolled,none,,128.0,128.0,2.0,,318.0858685848258,tok/s,0.8048141250001208,,,,313.2421875,,,,1,1,0,0,1,0,grid,,short_sweep,distilgpt2_easy_mps_sweep.csv
text,easy,DistilGPT2,Apple M4,mps,default_uncontrolled,none,,128.0,32.0,4.0,,533.9883033592713,tok/s,0.23970562500107917,,,,313.2470703125,,,,1,1,0,0,1,0,grid,,short_sweep,distilgpt2_easy_mps_sweep.csv
text,easy,DistilGPT2,Apple M4,mps,default_uncontrolled,none,,128.0,64.0,4.0,,551.271475990254,tok/s,0.4546781670032942,7.040505,3.269476761449316,0.012771393599411391,313.248046875,,,combined_soc,1,1,1,1,1,1,grid;medium,,short_sweep;sustained_power,distilgpt2_easy_mps_power_final.csv;distilgpt2_easy_mps_sweep.csv
text,easy,DistilGPT2,Apple M4,mps,default_uncontrolled,none,,128.0,128.0,4.0,,574.0271494089235,tok/s,0.8919438750017434,,,,313.25,,,,1,1,0,0,1,0,grid,,short_sweep,distilgpt2_easy_mps_sweep.csv
text,easy,DistilGPT2,Apple M4,mps,default_uncontrolled,none,,128.0,32.0,8.0,,861.2801992163586,tok/s,0.29723195800033864,,,,313.259765625,,,,1,1,0,0,1,0,grid,,short_sweep,distilgpt2_easy_mps_sweep.csv
text,easy,DistilGPT2,Apple M4,mps,default_uncontrolled,none,,128.0,64.0,8.0,,878.5159310033838,tok/s,0.5828010419972998,,,,313.26171875,,,,1,1,0,0,1,0,grid,,short_sweep,distilgpt2_easy_mps_sweep.csv
text,easy,DistilGPT2,Apple M4,mps,default_uncontrolled,none,,128.0,128.0,8.0,,942.1957029151895,tok/s,1.0868230419982865,,,,313.265625,,,,1,1,0,0,1,0,grid,,short_sweep,distilgpt2_easy_mps_sweep.csv
text,easy,DistilGPT2,Apple M4,mps,default_uncontrolled,none,,32.0,32.0,1.0,,206.22615564716887,tok/s,0.169144999999844,6.738348333333334,1.0455858326505487,0.03267455727032965,313.2353515625,,,combined_soc,1,1,1,1,1,1,grid;light,,short_sweep;sustained_power,distilgpt2_easy_mps_power_final.csv;distilgpt2_easy_mps_sweep.csv
text,easy,DistilGPT2,Apple M4,mps,default_uncontrolled,none,,32.0,64.0,1.0,,147.51123764776725,tok/s,0.433865250000963,,,,313.235595703125,,,,1,1,0,0,1,0,grid,,short_sweep,distilgpt2_easy_mps_sweep.csv
text,easy,DistilGPT2,Apple M4,mps,default_uncontrolled,none,,32.0,128.0,1.0,,175.4516324800872,tok/s,0.7295457910004188,,,,313.236083984375,,,,1,1,0,0,1,0,grid,,short_sweep,distilgpt2_easy_mps_sweep.csv
text,easy,DistilGPT2,Apple M4,mps,default_uncontrolled,none,,32.0,32.0,2.0,,285.4850374056382,tok/s,0.22417987500011805,,,,313.236328125,,,,1,1,0,0,1,0,grid,,short_sweep,distilgpt2_easy_mps_sweep.csv
text,easy,DistilGPT2,Apple M4,mps,default_uncontrolled,none,,32.0,64.0,2.0,,288.8073062403423,tok/s,0.4432020839994948,,,,313.23681640625,,,,1,1,0,0,1,0,grid,,short_sweep,distilgpt2_easy_mps_sweep.csv
text,easy,DistilGPT2,Apple M4,mps,default_uncontrolled,none,,32.0,128.0,2.0,,275.5282605395333,tok/s,0.929124292000779,,,,313.23779296875,,,,1,1,0,0,1,0,grid,,short_sweep,distilgpt2_easy_mps_sweep.csv
text,easy,DistilGPT2,Apple M4,mps,default_uncontrolled,none,,32.0,32.0,4.0,,597.1888956292778,tok/s,0.2143375420018856,,,,313.23828125,,,,1,1,0,0,1,0,grid,,short_sweep,distilgpt2_easy_mps_sweep.csv
text,easy,DistilGPT2,Apple M4,mps,default_uncontrolled,none,,32.0,64.0,4.0,,511.5870213777011,tok/s,0.5004036249993078,,,,313.2392578125,,,,1,1,0,0,1,0,grid,,short_sweep,distilgpt2_easy_mps_sweep.csv
text,easy,DistilGPT2,Apple M4,mps,default_uncontrolled,none,,32.0,128.0,4.0,,623.6439307320046,tok/s,0.8209812919994874,,,,313.2412109375,,,,1,1,0,0,1,0,grid,,short_sweep,distilgpt2_easy_mps_sweep.csv
text,easy,DistilGPT2,Apple M4,mps,default_uncontrolled,none,,32.0,32.0,8.0,,1036.1434268990952,tok/s,0.2470700419980858,,,,313.2421875,,,,1,1,0,0,1,0,grid,,short_sweep,distilgpt2_easy_mps_sweep.csv
text,easy,DistilGPT2,Apple M4,mps,default_uncontrolled,none,,32.0,64.0,8.0,,962.6766918580571,tok/s,0.5318504169990774,,,,313.244140625,,,,1,1,0,0,1,0,grid,,short_sweep,distilgpt2_easy_mps_sweep.csv
text,easy,DistilGPT2,Apple M4,mps,default_uncontrolled,none,,32.0,128.0,8.0,,1104.3707169759175,tok/s,0.927224874998501,,,,313.248046875,,,,1,1,0,0,1,0,grid,,short_sweep,distilgpt2_easy_mps_sweep.csv
text,easy,DistilGPT2,Apple M4,mps,default_uncontrolled,none,,512.0,32.0,1.0,,168.46608805252532,tok/s,0.18994920799741521,,,,313.246337890625,,,,1,1,0,0,1,0,grid,,short_sweep,distilgpt2_easy_mps_sweep.csv
text,easy,DistilGPT2,Apple M4,mps,default_uncontrolled,none,,512.0,64.0,1.0,,176.69856674124708,tok/s,0.3621987499973329,,,,313.24658203125,,,,1,1,0,0,1,0,grid,,short_sweep,distilgpt2_easy_mps_sweep.csv
text,easy,DistilGPT2,Apple M4,mps,default_uncontrolled,none,,512.0,128.0,1.0,,184.21286188753103,tok/s,0.6948483330015733,,,,313.2470703125,,,,1,1,0,0,1,0,grid,,short_sweep,distilgpt2_easy_mps_sweep.csv
text,easy,DistilGPT2,Apple M4,mps,default_uncontrolled,none,,512.0,32.0,2.0,,229.18788258493674,tok/s,0.2792468750012631,,,,313.25830078125,,,,1,1,0,0,1,0,grid,,short_sweep,distilgpt2_easy_mps_sweep.csv
text,easy,DistilGPT2,Apple M4,mps,default_uncontrolled,none,,512.0,64.0,2.0,,246.60007752911463,tok/s,0.5190590420024819,,,,313.2587890625,,,,1,1,0,0,1,0,grid,,short_sweep,distilgpt2_easy_mps_sweep.csv
text,easy,DistilGPT2,Apple M4,mps,default_uncontrolled,none,,512.0,128.0,2.0,,266.63533923638886,tok/s,0.9601127919995633,,,,313.259765625,,,,1,1,0,0,1,0,grid,,short_sweep,distilgpt2_easy_mps_sweep.csv
text,easy,DistilGPT2,Apple M4,mps,default_uncontrolled,none,,512.0,32.0,4.0,,354.9635798362274,tok/s,0.3606003749991942,,,,313.2822265625,,,,1,1,0,0,1,0,grid,,short_sweep,distilgpt2_easy_mps_sweep.csv
text,easy,DistilGPT2,Apple M4,mps,default_uncontrolled,none,,512.0,64.0,4.0,,405.04248913047917,tok/s,0.6320324580010492,,,,313.283203125,,,,1,1,0,0,1,0,grid,,short_sweep,distilgpt2_easy_mps_sweep.csv
text,easy,DistilGPT2,Apple M4,mps,default_uncontrolled,none,,512.0,128.0,4.0,,429.2549847976947,tok/s,1.1927642499977082,,,,313.28515625,,,,1,1,0,0,1,0,grid,,short_sweep,distilgpt2_easy_mps_sweep.csv
text,easy,DistilGPT2,Apple M4,mps,default_uncontrolled,none,,512.0,32.0,8.0,,474.75444554763993,tok/s,0.5392261250017327,,,,313.330078125,,,,1,1,0,0,1,0,grid,,short_sweep,distilgpt2_easy_mps_sweep.csv
text,easy,DistilGPT2,Apple M4,mps,default_uncontrolled,none,,512.0,64.0,8.0,,565.4978914638187,tok/s,0.9053968330008502,,,,313.33203125,,,,1,1,0,0,1,0,grid,,short_sweep,distilgpt2_easy_mps_sweep.csv
text,easy,DistilGPT2,Apple M4,mps,default_uncontrolled,none,,512.0,128.0,8.0,,588.6559506473163,tok/s,1.6658849589985039,13.20471,23.0505816343222,0.022510333627267773,313.3359375,,,combined_soc,1,1,1,1,1,1,grid;heavy,,short_sweep;sustained_power,distilgpt2_easy_mps_power_final.csv;distilgpt2_easy_mps_sweep.csv
text,easy,DistilGPT2,Intel i7-11800H,cpu,default_uncontrolled,none,,,,,16.0,99.66616894575522,tok/s,,39.25,101.03060486666963,,,,,,0,1,1,0,0,0,grid,,sustained_power,msi_cpu_repeated_power.csv
text,easy,DistilGPT2,Intel i7-11800H,cpu,default_uncontrolled,none,,,,,2.0,136.51820575098807,tok/s,,29.78125,56.92781419533026,,,,,,0,1,1,0,0,0,grid,,sustained_power,msi_cpu_repeated_power.csv
text,easy,DistilGPT2,Intel i7-11800H,cpu,default_uncontrolled,none,,,,,4.0,127.92757020814396,tok/s,,32.0125,62.87574237243984,,,,,,0,1,1,0,0,0,grid,,sustained_power,msi_cpu_repeated_power.csv
text,easy,DistilGPT2,Intel i7-11800H,cpu,default_uncontrolled,none,,,,,6.0,139.3005952693278,tok/s,,38.805882352941175,71.31560251516275,,,,,,0,1,1,0,0,0,grid,,sustained_power,msi_cpu_repeated_power.csv
text,easy,DistilGPT2,RTX 3050 Laptop,cuda,default_uncontrolled,none,,128.0,32.0,1.0,,178.75067799750457,tok/s,0.17902029999822844,,,,336.74169921875,,,,1,1,0,0,1,0,grid,,short_sweep,distilgpt2_easy_cuda_sweep.csv
text,easy,DistilGPT2,RTX 3050 Laptop,cuda,default_uncontrolled,none,,128.0,64.0,1.0,,178.54368057222993,tok/s,0.35845569999946747,,,,336.74169921875,,,,1,1,0,0,1,0,grid,,short_sweep,distilgpt2_easy_cuda_sweep.csv
text,easy,DistilGPT2,RTX 3050 Laptop,cuda,default_uncontrolled,none,,128.0,128.0,1.0,,178.17128886610033,tok/s,0.7184097999997903,,,,336.7421875,,,,1,1,0,0,1,0,grid,,short_sweep,distilgpt2_easy_cuda_sweep.csv
text,easy,DistilGPT2,RTX 3050 Laptop,cuda,default_uncontrolled,none,,128.0,32.0,2.0,,373.39709088396097,tok/s,0.1713993000012124,,,,347.49658203125,,,,1,1,0,0,1,0,grid,,short_sweep,distilgpt2_easy_cuda_sweep.csv
text,easy,DistilGPT2,RTX 3050 Laptop,cuda,default_uncontrolled,none,,128.0,64.0,2.0,,379.2398197127019,tok/s,0.33751729999494273,,,,347.4970703125,,,,1,1,0,0,1,0,grid,,short_sweep,distilgpt2_easy_cuda_sweep.csv
text,easy,DistilGPT2,RTX 3050 Laptop,cuda,default_uncontrolled,none,,128.0,128.0,2.0,,366.0425736163891,tok/s,0.6993721999897389,,,,347.498046875,,,,1,1,0,0,1,0,grid,,short_sweep,distilgpt2_easy_cuda_sweep.csv
text,easy,DistilGPT2,RTX 3050 Laptop,cuda,default_uncontrolled,none,,128.0,32.0,4.0,,699.7433909422355,tok/s,0.1829242000094382,,,,377.0068359375,,,,1,1,0,0,1,0,grid,,short_sweep,distilgpt2_easy_cuda_sweep.csv
text,easy,DistilGPT2,RTX 3050 Laptop,cuda,default_uncontrolled,none,,128.0,64.0,4.0,,633.4737977557412,tok/s,0.3517184999946039,56.60872954924875,22.876770619320126,0.08936238523171924,377.0078125,,610.50390625,gpu_board,1,1,1,1,1,1,grid;medium,,short_sweep;sustained_power,distilgpt2_easy_cuda_nvml_final.csv;distilgpt2_easy_cuda_sweep.csv
text,easy,DistilGPT2,RTX 3050 Laptop,cuda,default_uncontrolled,none,,128.0,128.0,4.0,,726.1834520882487,tok/s,0.7050560000061523,,,,377.009765625,,,,1,1,0,0,1,0,grid,,short_sweep,distilgpt2_easy_cuda_sweep.csv
text,easy,DistilGPT2,RTX 3050 Laptop,cuda,default_uncontrolled,none,,128.0,32.0,8.0,,1272.8744488679877,tok/s,0.20111959999485407,,,,424.02734375,,,,1,1,0,0,1,0,grid,,short_sweep,distilgpt2_easy_cuda_sweep.csv
text,easy,DistilGPT2,RTX 3050 Laptop,cuda,default_uncontrolled,none,,128.0,64.0,8.0,,1386.4115958321834,tok/s,0.3692986999958521,,,,424.029296875,,,,1,1,0,0,1,0,grid,,short_sweep,distilgpt2_easy_cuda_sweep.csv
text,easy,DistilGPT2,RTX 3050 Laptop,cuda,default_uncontrolled,none,,128.0,128.0,8.0,,1357.7235643108177,tok/s,0.7542035999940708,,,,424.033203125,,,,1,1,0,0,1,0,grid,,short_sweep,distilgpt2_easy_cuda_sweep.csv
text,easy,DistilGPT2,RTX 3050 Laptop,cuda,default_uncontrolled,none,,32.0,32.0,1.0,,160.3147551195662,tok/s,0.16400540000176989,45.4956889632107,9.105646876025277,0.2845514648757899,325.79052734375,,570.50390625,gpu_board,1,1,1,1,1,1,grid;light,,short_sweep;sustained_power,distilgpt2_easy_cuda_nvml_final.csv;distilgpt2_easy_cuda_sweep.csv
text,easy,DistilGPT2,RTX 3050 Laptop,cuda,default_uncontrolled,none,,32.0,64.0,1.0,,186.34222156483028,tok/s,0.34345410000241827,,,,326.91796875,,,,1,1,0,0,1,0,grid,,short_sweep,distilgpt2_easy_cuda_sweep.csv
text,easy,DistilGPT2,RTX 3050 Laptop,cuda,default_uncontrolled,none,,32.0,128.0,1.0,,184.75038562929686,tok/s,0.6928267000039341,,,,329.17041015625,,,,1,1,0,0,1,0,grid,,short_sweep,distilgpt2_easy_cuda_sweep.csv
text,easy,DistilGPT2,RTX 3050 Laptop,cuda,default_uncontrolled,none,,32.0,32.0,2.0,,375.98225362423494,tok/s,0.17022080000606366,,,,329.1591796875,,,,1,1,0,0,1,0,grid,,short_sweep,distilgpt2_easy_cuda_sweep.csv
text,easy,DistilGPT2,RTX 3050 Laptop,cuda,default_uncontrolled,none,,32.0,64.0,2.0,,385.71620568112814,tok/s,0.3318502000038279,,,,331.41162109375,,,,1,1,0,0,1,0,grid,,short_sweep,distilgpt2_easy_cuda_sweep.csv
text,easy,DistilGPT2,RTX 3050 Laptop,cuda,default_uncontrolled,none,,32.0,128.0,2.0,,378.1635374077594,tok/s,0.6769558000087272,,,,335.91650390625,,,,1,1,0,0,1,0,grid,,short_sweep,distilgpt2_easy_cuda_sweep.csv
text,easy,DistilGPT2,RTX 3050 Laptop,cuda,default_uncontrolled,none,,32.0,32.0,4.0,,754.5172298091067,tok/s,0.1696449000010034,,,,336.7421875,,,,1,1,0,0,1,0,grid,,short_sweep,distilgpt2_easy_cuda_sweep.csv
text,easy,DistilGPT2,RTX 3050 Laptop,cuda,default_uncontrolled,none,,32.0,64.0,4.0,,767.1701520463677,tok/s,0.33369390000007115,,,,348.41943359375,,,,1,1,0,0,1,0,grid,,short_sweep,distilgpt2_easy_cuda_sweep.csv
text,easy,DistilGPT2,RTX 3050 Laptop,cuda,default_uncontrolled,none,,32.0,128.0,4.0,,761.6532576598843,tok/s,0.6722218999930192,,,,350.36279296875,,,,1,1,0,0,1,0,grid,,short_sweep,distilgpt2_easy_cuda_sweep.csv
text,easy,DistilGPT2,RTX 3050 Laptop,cuda,default_uncontrolled,none,,32.0,32.0,8.0,,1458.95381610981,tok/s,0.17546820000279695,,,,354.82861328125,,,,1,1,0,0,1,0,grid,,short_sweep,distilgpt2_easy_cuda_sweep.csv
text,easy,DistilGPT2,RTX 3050 Laptop,cuda,default_uncontrolled,none,,32.0,64.0,8.0,,1495.7198166508886,tok/s,0.34231009999348316,,,,361.44775390625,,,,1,1,0,0,1,0,grid,,short_sweep,distilgpt2_easy_cuda_sweep.csv
text,easy,DistilGPT2,RTX 3050 Laptop,cuda,default_uncontrolled,none,,32.0,128.0,8.0,,1472.1662811930328,tok/s,0.6955735999945318,,,,379.19384765625,,,,1,1,0,0,1,0,grid,,short_sweep,distilgpt2_easy_cuda_sweep.csv
text,easy,DistilGPT2,RTX 3050 Laptop,cuda,default_uncontrolled,none,,512.0,32.0,1.0,,163.10478105161894,tok/s,0.19619290000991896,,,,377.00634765625,,,,1,1,0,0,1,0,grid,,short_sweep,distilgpt2_easy_cuda_sweep.csv
text,easy,DistilGPT2,RTX 3050 Laptop,cuda,default_uncontrolled,none,,512.0,64.0,1.0,,172.01665336202456,tok/s,0.37205700000049546,,,,377.00634765625,,,,1,1,0,0,1,0,grid,,short_sweep,distilgpt2_easy_cuda_sweep.csv
text,easy,DistilGPT2,RTX 3050 Laptop,cuda,default_uncontrolled,none,,512.0,128.0,1.0,,174.738087401849,tok/s,0.7325248999986798,,,,377.0068359375,,,,1,1,0,0,1,0,grid,,short_sweep,distilgpt2_easy_cuda_sweep.csv
text,easy,DistilGPT2,RTX 3050 Laptop,cuda,default_uncontrolled,none,,512.0,32.0,2.0,,320.72708829628385,tok/s,0.19954660000803415,,,,424.02587890625,,,,1,1,0,0,1,0,grid,,short_sweep,distilgpt2_easy_cuda_sweep.csv
text,easy,DistilGPT2,RTX 3050 Laptop,cuda,default_uncontrolled,none,,512.0,64.0,2.0,,344.34168595497795,tok/s,0.3717237999953795,,,,424.0263671875,,,,1,1,0,0,1,0,grid,,short_sweep,distilgpt2_easy_cuda_sweep.csv
text,easy,DistilGPT2,RTX 3050 Laptop,cuda,default_uncontrolled,none,,512.0,128.0,2.0,,368.8564685785223,tok/s,0.6940369000076316,,,,424.02734375,,,,1,1,0,0,1,0,grid,,short_sweep,distilgpt2_easy_cuda_sweep.csv
text,easy,DistilGPT2,RTX 3050 Laptop,cuda,default_uncontrolled,none,,512.0,32.0,4.0,,496.82555641050294,tok/s,0.2576356999925338,,,,526.0654296875,,,,1,1,0,0,1,0,grid,,short_sweep,distilgpt2_easy_cuda_sweep.csv
text,easy,DistilGPT2,RTX 3050 Laptop,cuda,default_uncontrolled,none,,512.0,64.0,4.0,,571.7181313567044,tok/s,0.44777309999335557,,,,526.06640625,,,,1,1,0,0,1,0,grid,,short_sweep,distilgpt2_easy_cuda_sweep.csv
text,easy,DistilGPT2,RTX 3050 Laptop,cuda,default_uncontrolled,none,,512.0,128.0,4.0,,601.9976917164479,tok/s,0.8505015999980969,,,,526.068359375,,,,1,1,0,0,1,0,grid,,short_sweep,distilgpt2_easy_cuda_sweep.csv
text,easy,DistilGPT2,RTX 3050 Laptop,cuda,default_uncontrolled,none,,512.0,32.0,8.0,,607.9811297957185,tok/s,0.42106569999305066,,,,730.14453125,,,,1,1,0,0,1,0,grid,,short_sweep,distilgpt2_easy_cuda_sweep.csv
text,easy,DistilGPT2,RTX 3050 Laptop,cuda,default_uncontrolled,none,,512.0,64.0,8.0,,717.6207284668651,tok/s,0.7134688000078313,,,,730.146484375,,,,1,1,0,0,1,0,grid,,short_sweep,distilgpt2_easy_cuda_sweep.csv
text,easy,DistilGPT2,RTX 3050 Laptop,cuda,default_uncontrolled,none,,512.0,128.0,8.0,,733.5491902448813,tok/s,1.3280722000054084,59.67240969899665,83.29986365518853,0.08134752310077005,730.150390625,,1054.50390625,gpu_board,1,1,1,1,1,1,grid;heavy,,short_sweep;sustained_power,distilgpt2_easy_cuda_nvml_final.csv;distilgpt2_easy_cuda_sweep.csv
text,hard,Qwen3-1.7B,Apple M4,cpu,q4_k_m,Q4_K_M,,128.0,128.0,1.0,1.0,20.08,tok/s,9.9925,8.894736842105264,88.76057894736842,0.6934420230263157,,,,combined_soc,1,1,1,1,0,1,long_single,,cpu_scaling_short;sustained_power,qwen3_hard_q4_mac_cpu_power.csv;qwen3_hard_q4_mac_cpu_scaling.csv
text,hard,Qwen3-1.7B,Apple M4,cpu,q4_k_m,Q4_K_M,,128.0,128.0,1.0,10.0,32.09,tok/s,5.127,,,,,,,,1,1,0,0,0,0,long_single,,cpu_scaling_short,qwen3_hard_q4_mac_cpu_scaling.csv
text,hard,Qwen3-1.7B,Apple M4,cpu,q4_k_m,Q4_K_M,,128.0,128.0,1.0,2.0,36.93,tok/s,5.345,,,,,,,,1,1,0,0,0,0,long_single,,cpu_scaling_short,qwen3_hard_q4_mac_cpu_scaling.csv
text,hard,Qwen3-1.7B,Apple M4,cpu,q4_k_m,Q4_K_M,,128.0,128.0,1.0,4.0,53.98,tok/s,3.5005,24.485500000000002,88.78446699999999,0.6936286484374999,,,,combined_soc,1,1,1,1,0,1,long_single,,cpu_scaling_short;sustained_power,qwen3_hard_q4_mac_cpu_power.csv;qwen3_hard_q4_mac_cpu_scaling.csv
text,hard,Qwen3-1.7B,Apple M4,cpu,q4_k_m,Q4_K_M,,128.0,128.0,1.0,6.0,55.08,tok/s,3.35,,,,,,,,1,1,0,0,0,0,long_single,,cpu_scaling_short,qwen3_hard_q4_mac_cpu_scaling.csv
text,hard,Qwen3-1.7B,Apple M4,cpu,q4_k_m,Q4_K_M,,128.0,128.0,1.0,8.0,59.6,tok/s,3.1475,23.2898,75.2027642,0.5875215953125,,,,combined_soc,1,1,1,1,0,1,long_single,,cpu_scaling_short;sustained_power,qwen3_hard_q4_mac_cpu_power.csv;qwen3_hard_q4_mac_cpu_scaling.csv
text,hard,Qwen3-1.7B,Apple M4,cpu,q4_k_m,Q4_K_M,,128.0,64.0,4.0,1.0,30.14,tok/s,23.211,10.754739130434782,253.96240982608694,0.9920406633831521,,,,combined_soc,1,1,1,1,0,1,batch,,cpu_scaling_short;sustained_power,qwen3_hard_q4_mac_cpu_power.csv;qwen3_hard_q4_mac_cpu_scaling.csv
text,hard,Qwen3-1.7B,Apple M4,cpu,q4_k_m,Q4_K_M,,128.0,64.0,4.0,10.0,84.94,tok/s,5.988,,,,,,,,1,1,0,0,0,0,batch,,cpu_scaling_short,qwen3_hard_q4_mac_cpu_scaling.csv
text,hard,Qwen3-1.7B,Apple M4,cpu,q4_k_m,Q4_K_M,,128.0,64.0,4.0,2.0,56.14,tok/s,11.976,,,,,,,,1,1,0,0,0,0,batch,,cpu_scaling_short,qwen3_hard_q4_mac_cpu_scaling.csv
text,hard,Qwen3-1.7B,Apple M4,cpu,q4_k_m,Q4_K_M,,128.0,64.0,4.0,4.0,81.22,tok/s,7.435499999999999,21.15,165.43529999999998,0.6462316406249999,,,,combined_soc,1,1,1,1,0,1,batch,,cpu_scaling_short;sustained_power,qwen3_hard_q4_mac_cpu_power.csv;qwen3_hard_q4_mac_cpu_scaling.csv
text,hard,Qwen3-1.7B,Apple M4,cpu,q4_k_m,Q4_K_M,,128.0,64.0,4.0,6.0,89.23,tok/s,6.825,,,,,,,,1,1,0,0,0,0,batch,,cpu_scaling_short,qwen3_hard_q4_mac_cpu_scaling.csv
text,hard,Qwen3-1.7B,Apple M4,cpu,q4_k_m,Q4_K_M,,128.0,64.0,4.0,8.0,98.74,tok/s,6.186999999999999,22.926909090909092,140.14756763636362,0.5474514360795454,,,,combined_soc,1,1,1,1,0,1,batch,,cpu_scaling_short;sustained_power,qwen3_hard_q4_mac_cpu_power.csv;qwen3_hard_q4_mac_cpu_scaling.csv
text,hard,Qwen3-1.7B,Apple M4,llama.cpp/metal,q4_k_m,Q4_K_M,,1024.0,64.0,1.0,,72.72,tok/s,,,,,,,,,0,1,0,0,0,0,q4_grid,,short_sweep,qwen3_hard_q4_cross_device.csv
text,hard,Qwen3-1.7B,Apple M4,llama.cpp/metal,q4_k_m,Q4_K_M,,1024.0,128.0,1.0,,72.38,tok/s,,,,,,,,,0,1,0,0,0,0,q4_grid,,short_sweep,qwen3_hard_q4_cross_device.csv
text,hard,Qwen3-1.7B,Apple M4,llama.cpp/metal,q4_k_m,Q4_K_M,,1024.0,64.0,2.0,,105.34,tok/s,,,,,,,,,0,1,0,0,0,0,q4_grid,,short_sweep,qwen3_hard_q4_cross_device.csv
text,hard,Qwen3-1.7B,Apple M4,llama.cpp/metal,q4_k_m,Q4_K_M,,1024.0,128.0,2.0,,104.92,tok/s,,,,,,,,,0,1,0,0,0,0,q4_grid,,short_sweep,qwen3_hard_q4_cross_device.csv
text,hard,Qwen3-1.7B,Apple M4,llama.cpp/metal,q4_k_m,Q4_K_M,,1024.0,64.0,4.0,,91.62,tok/s,,,,,,,,,0,1,0,0,0,0,q4_grid,,short_sweep,qwen3_hard_q4_cross_device.csv
text,hard,Qwen3-1.7B,Apple M4,llama.cpp/metal,q4_k_m,Q4_K_M,,1024.0,128.0,4.0,,91.29,tok/s,9.553,17.194303370786518,164.50184820879122,0.32129267228279534,,,,combined_soc,1,1,1,1,0,1,grid;q4_grid,heavy,short_sweep;sustained_power,qwen3_hard_q4_cross_device.csv;qwen3_hard_q4_mac_accel_power_synced.csv
text,hard,Qwen3-1.7B,Apple M4,llama.cpp/metal,q4_k_m,Q4_K_M,,128.0,64.0,1.0,,72.22,tok/s,1.012,13.439375,14.0307075,0.2192298046875,,,,combined_soc,1,1,1,1,0,1,grid;q4_grid,light,short_sweep;sustained_power,qwen3_hard_q4_cross_device.csv;qwen3_hard_q4_mac_accel_power_synced.csv
text,hard,Qwen3-1.7B,Apple M4,llama.cpp/metal,q4_k_m,Q4_K_M,,128.0,128.0,1.0,,72.66,tok/s,,,,,,,,,0,1,0,0,0,0,q4_grid,,short_sweep,qwen3_hard_q4_cross_device.csv
text,hard,Qwen3-1.7B,Apple M4,llama.cpp/metal,q4_k_m,Q4_K_M,,128.0,64.0,2.0,,112.18,tok/s,,,,,,,,,0,1,0,0,0,0,q4_grid,,short_sweep,qwen3_hard_q4_cross_device.csv
text,hard,Qwen3-1.7B,Apple M4,llama.cpp/metal,q4_k_m,Q4_K_M,,128.0,128.0,2.0,,119.03,tok/s,,,,,,,,,0,1,0,0,0,0,q4_grid,,short_sweep,qwen3_hard_q4_cross_device.csv
text,hard,Qwen3-1.7B,Apple M4,llama.cpp/metal,q4_k_m,Q4_K_M,,128.0,64.0,4.0,,98.21,tok/s,,,,,,,,,0,1,0,0,0,0,q4_grid,,short_sweep,qwen3_hard_q4_cross_device.csv
text,hard,Qwen3-1.7B,Apple M4,llama.cpp/metal,q4_k_m,Q4_K_M,,128.0,128.0,4.0,,102.99,tok/s,,,,,,,,,0,1,0,0,0,0,q4_grid,,short_sweep,qwen3_hard_q4_cross_device.csv
text,hard,Qwen3-1.7B,Apple M4,llama.cpp/metal,q4_k_m,Q4_K_M,,512.0,64.0,1.0,,75.83,tok/s,,,,,,,,,0,1,0,0,0,0,q4_grid,,short_sweep,qwen3_hard_q4_cross_device.csv
text,hard,Qwen3-1.7B,Apple M4,llama.cpp/metal,q4_k_m,Q4_K_M,,512.0,128.0,1.0,,75.81,tok/s,,,,,,,,,0,1,0,0,0,0,q4_grid,,short_sweep,qwen3_hard_q4_cross_device.csv
text,hard,Qwen3-1.7B,Apple M4,llama.cpp/metal,q4_k_m,Q4_K_M,,512.0,64.0,2.0,,113.27,tok/s,,,,,,,,,0,1,0,0,0,0,q4_grid,,short_sweep,qwen3_hard_q4_cross_device.csv
text,hard,Qwen3-1.7B,Apple M4,llama.cpp/metal,q4_k_m,Q4_K_M,,512.0,128.0,2.0,,113.38,tok/s,3.223,16.3523,52.80516744827587,0.2062701853448276,,,,combined_soc,1,1,1,1,0,1,grid;q4_grid,medium,short_sweep;sustained_power,qwen3_hard_q4_cross_device.csv;qwen3_hard_q4_mac_accel_power_synced.csv
text,hard,Qwen3-1.7B,Apple M4,llama.cpp/metal,q4_k_m,Q4_K_M,,512.0,64.0,4.0,,97.86,tok/s,,,,,,,,,0,1,0,0,0,0,q4_grid,,short_sweep,qwen3_hard_q4_cross_device.csv
text,hard,Qwen3-1.7B,Apple M4,llama.cpp/metal,q4_k_m,Q4_K_M,,512.0,128.0,4.0,,97.55,tok/s,,,,,,,,,0,1,0,0,0,0,q4_grid,,short_sweep,qwen3_hard_q4_cross_device.csv
text,hard,Qwen3-1.7B,Intel i7-11800H,cpu,q4_k_m,Q4_K_M,,128.0,128.0,1.0,1.0,9.2,tok/s,15.136,21.85,326.2642,2.5489390625,,,,cpu_package,1,1,1,1,0,1,long_single,,cpu_scaling_short;sustained_power,qwen3_hard_q4_msi_cpu_power.csv;qwen3_hard_q4_msi_cpu_scaling.csv
text,hard,Qwen3-1.7B,Intel i7-11800H,cpu,q4_k_m,Q4_K_M,,128.0,128.0,1.0,16.0,18.03,tok/s,7.976,40.480000000000004,324.2448,2.5331625,,,,cpu_package,1,1,1,1,0,1,long_single,,cpu_scaling_short;sustained_power,qwen3_hard_q4_msi_cpu_power.csv;qwen3_hard_q4_msi_cpu_scaling.csv
text,hard,Qwen3-1.7B,Intel i7-11800H,cpu,q4_k_m,Q4_K_M,,128.0,128.0,1.0,2.0,15.17,tok/s,9.846,,,,,,,,1,1,0,0,0,0,long_single,,cpu_scaling_short,qwen3_hard_q4_msi_cpu_scaling.csv
text,hard,Qwen3-1.7B,Intel i7-11800H,cpu,q4_k_m,Q4_K_M,,128.0,128.0,1.0,4.0,18.17,tok/s,7.998,33.839999999999996,270.11087999999995,2.1102412499999996,,,,cpu_package,1,1,1,1,0,1,long_single,,cpu_scaling_short;sustained_power,qwen3_hard_q4_msi_cpu_power.csv;qwen3_hard_q4_msi_cpu_scaling.csv
text,hard,Qwen3-1.7B,Intel i7-11800H,cpu,q4_k_m,Q4_K_M,,128.0,128.0,1.0,8.0,19.27,tok/s,7.5805,40.2,304.14312,2.376118125,,,,cpu_package,1,1,1,1,0,1,long_single,,cpu_scaling_short;sustained_power,qwen3_hard_q4_msi_cpu_power.csv;qwen3_hard_q4_msi_cpu_scaling.csv
text,hard,Qwen3-1.7B,Intel i7-11800H,cpu,q4_k_m,Q4_K_M,,128.0,64.0,4.0,1.0,7.92,tok/s,38.434,19.085,705.0256363636365,2.754006392045455,,,,cpu_package,1,1,1,1,0,1,batch,,cpu_scaling_short;sustained_power,qwen3_hard_q4_msi_cpu_power.csv;qwen3_hard_q4_msi_cpu_scaling.csv
text,hard,Qwen3-1.7B,Intel i7-11800H,cpu,q4_k_m,Q4_K_M,,128.0,64.0,4.0,16.0,49.05,tok/s,7.307,38.45,280.6911,1.096449609375,,,,cpu_package,1,1,1,1,0,1,batch,,cpu_scaling_short;sustained_power,qwen3_hard_q4_msi_cpu_power.csv;qwen3_hard_q4_msi_cpu_scaling.csv
text,hard,Qwen3-1.7B,Intel i7-11800H,cpu,q4_k_m,Q4_K_M,,128.0,64.0,4.0,2.0,16.32,tok/s,18.887,,,,,,,,1,1,0,0,0,0,batch,,cpu_scaling_short,qwen3_hard_q4_msi_cpu_scaling.csv
text,hard,Qwen3-1.7B,Intel i7-11800H,cpu,q4_k_m,Q4_K_M,,128.0,64.0,4.0,4.0,29.41,tok/s,11.5365,33.31428571428572,391.7066,1.53010390625,,,,cpu_package,1,1,1,1,0,1,batch,,cpu_scaling_short;sustained_power,qwen3_hard_q4_msi_cpu_power.csv;qwen3_hard_q4_msi_cpu_scaling.csv
text,hard,Qwen3-1.7B,Intel i7-11800H,cpu,q4_k_m,Q4_K_M,,128.0,64.0,4.0,8.0,43.92,tok/s,7.9935,37.6,301.7776,1.17881875,,,,cpu_package,1,1,1,1,0,1,batch,,cpu_scaling_short;sustained_power,qwen3_hard_q4_msi_cpu_power.csv;qwen3_hard_q4_msi_cpu_scaling.csv
text,hard,Qwen3-1.7B,RTX 3050 Laptop,llama.cpp/cuda,q4_k_m,Q4_K_M,,1024.0,64.0,1.0,,109.15,tok/s,,,,,,,,,0,1,0,0,0,0,q4_grid,,short_sweep,qwen3_hard_q4_cross_device.csv
text,hard,Qwen3-1.7B,RTX 3050 Laptop,llama.cpp/cuda,q4_k_m,Q4_K_M,,1024.0,128.0,1.0,,109.8,tok/s,,,,,,,,,0,1,0,0,0,0,q4_grid,,short_sweep,qwen3_hard_q4_cross_device.csv
text,hard,Qwen3-1.7B,RTX 3050 Laptop,llama.cpp/cuda,q4_k_m,Q4_K_M,,1024.0,64.0,2.0,,194.63,tok/s,,,,,,,,,0,1,0,0,0,0,q4_grid,,short_sweep,qwen3_hard_q4_cross_device.csv
text,hard,Qwen3-1.7B,RTX 3050 Laptop,llama.cpp/cuda,q4_k_m,Q4_K_M,,1024.0,128.0,2.0,,194.7,tok/s,,,,,,,,,0,1,0,0,0,0,q4_grid,,short_sweep,qwen3_hard_q4_cross_device.csv
text,hard,Qwen3-1.7B,RTX 3050 Laptop,llama.cpp/cuda,q4_k_m,Q4_K_M,,1024.0,64.0,4.0,,252.51,tok/s,,,,,,,,,0,1,0,0,0,0,q4_grid,,short_sweep,qwen3_hard_q4_cross_device.csv
text,hard,Qwen3-1.7B,RTX 3050 Laptop,llama.cpp/cuda,q4_k_m,Q4_K_M,,1024.0,128.0,4.0,,235.5,tok/s,,59.3301153262519,188.05775946299423,0.3673003114511606,,2464.50390625,,gpu_board,0,1,1,1,1,1,grid;q4_grid,heavy,short_sweep;sustained_power,qwen3_hard_q4_cross_device.csv;qwen3_hard_q4_cuda_nvml_power.csv
text,hard,Qwen3-1.7B,RTX 3050 Laptop,llama.cpp/cuda,q4_k_m,Q4_K_M,,128.0,64.0,1.0,,112.8,tok/s,,59.27207266982622,35.91476159642832,0.5611681499441925,,2460.50390625,,gpu_board,0,1,1,1,1,1,grid;q4_grid,light,short_sweep;sustained_power,qwen3_hard_q4_cross_device.csv;qwen3_hard_q4_cuda_nvml_power.csv
text,hard,Qwen3-1.7B,RTX 3050 Laptop,llama.cpp/cuda,q4_k_m,Q4_K_M,,128.0,128.0,1.0,,119.7,tok/s,,,,,,,,,0,1,0,0,0,0,q4_grid,,short_sweep,qwen3_hard_q4_cross_device.csv
text,hard,Qwen3-1.7B,RTX 3050 Laptop,llama.cpp/cuda,q4_k_m,Q4_K_M,,128.0,64.0,2.0,,223.4,tok/s,,,,,,,,,0,1,0,0,0,0,q4_grid,,short_sweep,qwen3_hard_q4_cross_device.csv
text,hard,Qwen3-1.7B,RTX 3050 Laptop,llama.cpp/cuda,q4_k_m,Q4_K_M,,128.0,128.0,2.0,,222.87,tok/s,,,,,,,,,0,1,0,0,0,0,q4_grid,,short_sweep,qwen3_hard_q4_cross_device.csv
text,hard,Qwen3-1.7B,RTX 3050 Laptop,llama.cpp/cuda,q4_k_m,Q4_K_M,,128.0,64.0,4.0,,300.64,tok/s,,,,,,,,,0,1,0,0,0,0,q4_grid,,short_sweep,qwen3_hard_q4_cross_device.csv
text,hard,Qwen3-1.7B,RTX 3050 Laptop,llama.cpp/cuda,q4_k_m,Q4_K_M,,128.0,128.0,4.0,,299.03,tok/s,,,,,,,,,0,1,0,0,0,0,q4_grid,,short_sweep,qwen3_hard_q4_cross_device.csv
text,hard,Qwen3-1.7B,RTX 3050 Laptop,llama.cpp/cuda,q4_k_m,Q4_K_M,,512.0,64.0,1.0,,114.82,tok/s,,,,,,,,,0,1,0,0,0,0,q4_grid,,short_sweep,qwen3_hard_q4_cross_device.csv
text,hard,Qwen3-1.7B,RTX 3050 Laptop,llama.cpp/cuda,q4_k_m,Q4_K_M,,512.0,128.0,1.0,,113.83,tok/s,,,,,,,,,0,1,0,0,0,0,q4_grid,,short_sweep,qwen3_hard_q4_cross_device.csv
text,hard,Qwen3-1.7B,RTX 3050 Laptop,llama.cpp/cuda,q4_k_m,Q4_K_M,,512.0,64.0,2.0,,208.36,tok/s,,,,,,,,,0,1,0,0,0,0,q4_grid,,short_sweep,qwen3_hard_q4_cross_device.csv
text,hard,Qwen3-1.7B,RTX 3050 Laptop,llama.cpp/cuda,q4_k_m,Q4_K_M,,512.0,128.0,2.0,,191.8,tok/s,,59.34325,93.99780719584281,0.367178934358761,,2470.50390625,,gpu_board,0,1,1,1,1,1,grid;q4_grid,medium,short_sweep;sustained_power,qwen3_hard_q4_cross_device.csv;qwen3_hard_q4_cuda_nvml_power.csv
text,hard,Qwen3-1.7B,RTX 3050 Laptop,llama.cpp/cuda,q4_k_m,Q4_K_M,,512.0,64.0,4.0,,274.67,tok/s,,,,,,,,,0,1,0,0,0,0,q4_grid,,short_sweep,qwen3_hard_q4_cross_device.csv
text,hard,Qwen3-1.7B,RTX 3050 Laptop,llama.cpp/cuda,q4_k_m,Q4_K_M,,512.0,128.0,4.0,,273.17,tok/s,,,,,,,,,0,1,0,0,0,0,q4_grid,,short_sweep,qwen3_hard_q4_cross_device.csv
text,medium,Qwen2.5-1.5B-Instruct,Apple M4,cpu,fp32,none,,128.0,128.0,1.0,1.0,10.503981224299277,tok/s,12.185855749998154,,,,,,,,1,1,0,0,0,0,long_single,,cpu_scaling_short,qwen25_medium_mac_cpu_scaling.csv
text,medium,Qwen2.5-1.5B-Instruct,Apple M4,cpu,fp32,none,,128.0,128.0,1.0,10.0,10.269461956714022,tok/s,12.464138874998753,,,,,,,,1,1,0,0,0,0,long_single,,cpu_scaling_short,qwen25_medium_mac_cpu_scaling.csv
text,medium,Qwen2.5-1.5B-Instruct,Apple M4,cpu,fp32,none,,128.0,128.0,1.0,2.0,10.50761231904258,tok/s,12.18164470800184,,,,,,,,1,1,0,0,0,0,long_single,,cpu_scaling_short,qwen25_medium_mac_cpu_scaling.csv
text,medium,Qwen2.5-1.5B-Instruct,Apple M4,cpu,fp32,none,,128.0,128.0,1.0,4.0,10.53670428496003,tok/s,12.148011042001599,,,,,,,,1,1,0,0,0,0,long_single,,cpu_scaling_short,qwen25_medium_mac_cpu_scaling.csv
text,medium,Qwen2.5-1.5B-Instruct,Apple M4,cpu,fp32,none,,128.0,128.0,1.0,6.0,10.35149400997859,tok/s,12.365364833000058,,,,,,,,1,1,0,0,0,0,long_single,,cpu_scaling_short,qwen25_medium_mac_cpu_scaling.csv
text,medium,Qwen2.5-1.5B-Instruct,Apple M4,cpu,fp32,none,,128.0,128.0,1.0,8.0,10.335065863134304,tok/s,12.385020249999798,,,,,,,,1,1,0,0,0,0,long_single,,cpu_scaling_short,qwen25_medium_mac_cpu_scaling.csv
text,medium,Qwen2.5-1.5B-Instruct,Apple M4,cpu,fp32,none,,128.0,64.0,4.0,1.0,22.01,tok/s,11.58086083300077,6.56,76.25,0.2979,,,,combined_soc,1,1,1,1,0,1,batch4;grid,,cpu_scaling_short;sustained_power,qwen25_medium_mac_cpu_power_summary.csv;qwen25_medium_mac_cpu_scaling.csv
text,medium,Qwen2.5-1.5B-Instruct,Apple M4,cpu,fp32,none,,128.0,64.0,4.0,10.0,21.76,tok/s,11.708707541998592,6.73,79.25,0.3096,,,,combined_soc,1,1,1,1,0,1,batch4;grid,,cpu_scaling_short;sustained_power,qwen25_medium_mac_cpu_power_summary.csv;qwen25_medium_mac_cpu_scaling.csv
text,medium,Qwen2.5-1.5B-Instruct,Apple M4,cpu,fp32,none,,128.0,64.0,4.0,2.0,22.23,tok/s,11.474827583999286,6.67,76.77,0.2999,,,,combined_soc,1,1,1,1,0,1,batch4;grid,,cpu_scaling_short;sustained_power,qwen25_medium_mac_cpu_power_summary.csv;qwen25_medium_mac_cpu_scaling.csv
text,medium,Qwen2.5-1.5B-Instruct,Apple M4,cpu,fp32,none,,128.0,64.0,4.0,4.0,22.33,tok/s,11.426578375001554,6.74,77.21,0.3016,,,,combined_soc,1,1,1,1,0,1,batch4;grid,,cpu_scaling_short;sustained_power,qwen25_medium_mac_cpu_power_summary.csv;qwen25_medium_mac_cpu_scaling.csv
text,medium,Qwen2.5-1.5B-Instruct,Apple M4,cpu,fp32,none,,128.0,64.0,4.0,6.0,21.97,tok/s,11.583751082998788,6.73,78.23,0.3056,,,,combined_soc,1,1,1,1,0,1,batch4;grid,,cpu_scaling_short;sustained_power,qwen25_medium_mac_cpu_power_summary.csv;qwen25_medium_mac_cpu_scaling.csv
text,medium,Qwen2.5-1.5B-Instruct,Apple M4,cpu,fp32,none,,128.0,64.0,4.0,8.0,21.91,tok/s,11.776269666999724,6.75,78.9,0.3082,,,,combined_soc,1,1,1,1,0,1,batch4;grid,,cpu_scaling_short;sustained_power,qwen25_medium_mac_cpu_power_summary.csv;qwen25_medium_mac_cpu_scaling.csv
text,medium,Qwen2.5-1.5B-Instruct,Apple M4,mps,fp16,none,,1024.0,64.0,1.0,,18.58292966274372,tok/s,3.4440209999993385,,,,2968.80078125,,,,1,1,0,0,1,0,grid,,short_sweep,qwen25_medium_mps_sweep.csv
text,medium,Qwen2.5-1.5B-Instruct,Apple M4,mps,fp16,none,,1024.0,128.0,1.0,,20.325076442996114,tok/s,6.297639291000451,,,,2968.80126953125,,,,1,1,0,0,1,0,grid,,short_sweep,qwen25_medium_mps_sweep.csv
text,medium,Qwen2.5-1.5B-Instruct,Apple M4,mps,fp16,none,,1024.0,64.0,2.0,,28.653857449341178,tok/s,4.467112333000841,,,,2968.82470703125,,,,1,1,0,0,1,0,grid,,short_sweep,qwen25_medium_mps_sweep.csv
text,medium,Qwen2.5-1.5B-Instruct,Apple M4,mps,fp16,none,,1024.0,128.0,2.0,,34.03970315849784,tok/s,7.520629624999856,,,,2968.82568359375,,,,1,1,0,0,1,0,grid,,short_sweep,qwen25_medium_mps_sweep.csv
text,medium,Qwen2.5-1.5B-Instruct,Apple M4,mps,fp16,none,,1024.0,64.0,4.0,,39.898081958021635,tok/s,6.416348542001288,,,,2968.87255859375,,,,1,1,0,0,1,0,grid,,short_sweep,qwen25_medium_mps_sweep.csv
text,medium,Qwen2.5-1.5B-Instruct,Apple M4,mps,fp16,none,,1024.0,128.0,4.0,,53.96,tok/s,9.783171584000229,11.96,113.46,0.2216,2968.87451171875,,,combined_soc,1,1,1,1,1,1,grid,heavy,short_sweep;sustained_power,qwen25_medium_mps_power_summary.csv;qwen25_medium_mps_sweep.csv
text,medium,Qwen2.5-1.5B-Instruct,Apple M4,mps,fp16,none,,128.0,64.0,1.0,,24.4,tok/s,2.9199263749997044,6.76,17.71,0.2768,2968.7802734375,,,combined_soc,1,1,1,1,1,1,grid,light,short_sweep;sustained_power,qwen25_medium_mps_power_summary.csv;qwen25_medium_mps_sweep.csv
text,medium,Qwen2.5-1.5B-Instruct,Apple M4,mps,fp16,none,,128.0,128.0,1.0,,24.996290833593953,tok/s,5.120759750001525,,,,2968.78076171875,,,,1,1,0,0,1,0,grid,,short_sweep,qwen25_medium_mps_sweep.csv
text,medium,Qwen2.5-1.5B-Instruct,Apple M4,mps,fp16,none,,128.0,64.0,2.0,,46.38218782753429,tok/s,2.759680084000138,,,,2968.78369140625,,,,1,1,0,0,1,0,grid,,short_sweep,qwen25_medium_mps_sweep.csv
text,medium,Qwen2.5-1.5B-Instruct,Apple M4,mps,fp16,none,,128.0,128.0,2.0,,48.02691908814919,tok/s,5.330343999999968,,,,2968.78466796875,,,,1,1,0,0,1,0,grid,,short_sweep,qwen25_medium_mps_sweep.csv
text,medium,Qwen2.5-1.5B-Instruct,Apple M4,mps,fp16,none,,128.0,64.0,4.0,,84.29603549326325,tok/s,3.0369162499991944,,,,2968.79052734375,,,,1,1,0,0,1,0,grid,,short_sweep,qwen25_medium_mps_sweep.csv
text,medium,Qwen2.5-1.5B-Instruct,Apple M4,mps,fp16,none,,128.0,128.0,4.0,,89.63052507580714,tok/s,5.712339624999004,,,,2968.79248046875,,,,1,1,0,0,1,0,grid,,short_sweep,qwen25_medium_mps_sweep.csv
text,medium,Qwen2.5-1.5B-Instruct,Apple M4,mps,fp16,none,,512.0,64.0,1.0,,21.63747905019417,tok/s,2.9578307089996088,,,,2968.7890625,,,,1,1,0,0,1,0,grid,,short_sweep,qwen25_medium_mps_sweep.csv
text,medium,Qwen2.5-1.5B-Instruct,Apple M4,mps,fp16,none,,512.0,128.0,1.0,,23.18604169032375,tok/s,5.52056283300044,,,,2968.78955078125,,,,1,1,0,0,1,0,grid,,short_sweep,qwen25_medium_mps_sweep.csv
text,medium,Qwen2.5-1.5B-Instruct,Apple M4,mps,fp16,none,,512.0,64.0,2.0,,37.01830741232247,tok/s,3.4577485829995567,,,,2968.80126953125,,,,1,1,0,0,1,0,grid,,short_sweep,qwen25_medium_mps_sweep.csv
text,medium,Qwen2.5-1.5B-Instruct,Apple M4,mps,fp16,none,,512.0,128.0,2.0,,41.81,tok/s,6.099668415999986,8.64,52.93,0.2068,2968.80224609375,,,combined_soc,1,1,1,1,1,1,grid,medium,short_sweep;sustained_power,qwen25_medium_mps_power_summary.csv;qwen25_medium_mps_sweep.csv
text,medium,Qwen2.5-1.5B-Instruct,Apple M4,mps,fp16,none,,512.0,64.0,4.0,,57.2713613578669,tok/s,4.469947875000798,,,,2968.82568359375,,,,1,1,0,0,1,0,grid,,short_sweep,qwen25_medium_mps_sweep.csv
text,medium,Qwen2.5-1.5B-Instruct,Apple M4,mps,fp16,none,,512.0,128.0,4.0,,70.64511581296614,tok/s,7.2474932500008435,,,,2968.82763671875,,,,1,1,0,0,1,0,grid,,short_sweep,qwen25_medium_mps_sweep.csv
text,medium,Qwen2.5-1.5B-Instruct,Intel i7-11800H,cpu,fp32,none,,128.0,16.0,1.0,1.0,0.018040538334886648,tok/s,886.8914942000001,,,,,,,,1,1,0,0,0,0,long_single,,cpu_scaling_short,qwen25_medium_msi_cpu_scaling.csv
text,medium,Qwen2.5-1.5B-Instruct,Intel i7-11800H,cpu,fp32,none,,128.0,16.0,1.0,16.0,0.10451579275859542,tok/s,133.92293080000036,34.89259259259259,5363.637521087493,335.2273450679683,,,,cpu_package,1,1,1,1,0,1,grid;long_single,,cpu_scaling_short;sustained_power,qwen25_medium_msi_cpu_power.csv;qwen25_medium_msi_cpu_scaling.csv
text,medium,Qwen2.5-1.5B-Instruct,Intel i7-11800H,cpu,fp32,none,,128.0,16.0,1.0,2.0,0.02562875173610289,tok/s,624.2988407999992,,,,,,,,1,1,0,0,0,0,long_single,,cpu_scaling_short,qwen25_medium_msi_cpu_scaling.csv
text,medium,Qwen2.5-1.5B-Instruct,Intel i7-11800H,cpu,fp32,none,,128.0,16.0,1.0,4.0,0.04048539036726054,tok/s,395.2042911000008,,,,,,,,1,1,0,0,0,0,long_single,,cpu_scaling_short,qwen25_medium_msi_cpu_scaling.csv
text,medium,Qwen2.5-1.5B-Instruct,Intel i7-11800H,cpu,fp32,none,,128.0,16.0,1.0,8.0,0.08461128866425731,tok/s,164.51609475000078,33.214207650273224,6311.521116926283,394.4700698078927,,,,cpu_package,1,1,1,1,0,1,grid;long_single,,cpu_scaling_short;sustained_power,qwen25_medium_msi_cpu_power.csv;qwen25_medium_msi_cpu_scaling.csv
text,medium,Qwen2.5-1.5B-Instruct,Intel i7-11800H,cpu,fp32,none,,128.0,16.0,4.0,1.0,0.07375769857863698,tok/s,867.7060325000002,,,,,,,,1,1,0,0,0,0,batch4,,cpu_scaling_short,qwen25_medium_msi_cpu_scaling.csv
text,medium,Qwen2.5-1.5B-Instruct,Intel i7-11800H,cpu,fp32,none,,128.0,16.0,4.0,16.0,0.48560722037843007,tok/s,131.79375699999946,,,,,,,,1,1,0,0,0,0,batch4,,cpu_scaling_short,qwen25_medium_msi_cpu_scaling.csv
text,medium,Qwen2.5-1.5B-Instruct,Intel i7-11800H,cpu,fp32,none,,128.0,16.0,4.0,2.0,0.10503770736101269,tok/s,609.3049972999997,,,,,,,,1,1,0,0,0,0,batch4,,cpu_scaling_short,qwen25_medium_msi_cpu_scaling.csv
text,medium,Qwen2.5-1.5B-Instruct,Intel i7-11800H,cpu,fp32,none,,128.0,16.0,4.0,4.0,0.15986739599005348,tok/s,400.3317850000003,,,,,,,,1,1,0,0,0,0,batch4,,cpu_scaling_short,qwen25_medium_msi_cpu_scaling.csv
text,medium,Qwen2.5-1.5B-Instruct,Intel i7-11800H,cpu,fp32,none,,128.0,16.0,4.0,8.0,0.3740116943323423,tok/s,171.1176441000007,,,,,,,,1,1,0,0,0,0,batch4,,cpu_scaling_short,qwen25_medium_msi_cpu_scaling.csv
text,medium,Qwen2.5-1.5B-Instruct,RTX 3050 Laptop,cuda,fp16,none,,1024.0,64.0,1.0,,24.805542953472816,tok/s,2.580068500014022,,,,3047.44384765625,,,,1,1,0,0,1,0,grid,,short_sweep,qwen25_medium_cuda_sweep.csv
text,medium,Qwen2.5-1.5B-Instruct,RTX 3050 Laptop,cuda,fp16,none,,1024.0,128.0,1.0,,26.132189886710606,tok/s,4.898173499997938,,,,3047.4443359375,,,,1,1,0,0,1,0,grid,,short_sweep,qwen25_medium_cuda_sweep.csv
text,medium,Qwen2.5-1.5B-Instruct,RTX 3050 Laptop,cuda,fp16,none,,1024.0,64.0,2.0,,43.81213343495296,tok/s,2.9215650999976788,,,,3142.4833984375,,,,1,1,0,0,1,0,grid,,short_sweep,qwen25_medium_cuda_sweep.csv
text,medium,Qwen2.5-1.5B-Instruct,RTX 3050 Laptop,cuda,fp16,none,,1024.0,128.0,2.0,,48.27514600505301,tok/s,5.302935799991246,,,,3142.484375,,,,1,1,0,0,1,0,grid,,short_sweep,qwen25_medium_cuda_sweep.csv
text,medium,Qwen2.5-1.5B-Instruct,RTX 3050 Laptop,cuda,fp16,none,,1024.0,64.0,4.0,,75.12450419282196,tok/s,3.4076764000055846,,,,3325.5625,,,,1,1,0,0,1,0,grid,,short_sweep,qwen25_medium_cuda_sweep.csv
text,medium,Qwen2.5-1.5B-Instruct,RTX 3050 Laptop,cuda,fp16,none,,1024.0,128.0,4.0,,66.76206894602004,tok/s,5.806265399995027,56.87490834697218,436.17511460279144,0.851904520708577,3325.564453125,3822.50390625,,gpu_board,1,1,1,1,1,1,grid,heavy,short_sweep;sustained_power,qwen25_medium_cuda_nvml_power.csv;qwen25_medium_cuda_sweep.csv
text,medium,Qwen2.5-1.5B-Instruct,RTX 3050 Laptop,cuda,fp16,none,,128.0,64.0,1.0,,27.724000712500406,tok/s,2.133595899998909,57.268863560732115,137.6061501510056,2.1500960961094626,2965.03466796875,3380.50390625,,gpu_board,1,1,1,1,1,1,grid,light,short_sweep;sustained_power,qwen25_medium_cuda_nvml_power.csv;qwen25_medium_cuda_sweep.csv
text,medium,Qwen2.5-1.5B-Instruct,RTX 3050 Laptop,cuda,fp16,none,,128.0,128.0,1.0,,28.827782847934717,tok/s,4.4401610999775585,,,,2965.474609375,,,,1,1,0,0,1,0,grid,,short_sweep,qwen25_medium_cuda_sweep.csv
text,medium,Qwen2.5-1.5B-Instruct,RTX 3050 Laptop,cuda,fp16,none,,128.0,64.0,2.0,,57.52140964857172,tok/s,2.2252583999943454,,,,2976.6650390625,,,,1,1,0,0,1,0,grid,,short_sweep,qwen25_medium_cuda_sweep.csv
text,medium,Qwen2.5-1.5B-Instruct,RTX 3050 Laptop,cuda,fp16,none,,128.0,128.0,2.0,,55.95931512983462,tok/s,4.574752199987415,,,,2978.6015625,,,,1,1,0,0,1,0,grid,,short_sweep,qwen25_medium_cuda_sweep.csv
text,medium,Qwen2.5-1.5B-Instruct,RTX 3050 Laptop,cuda,fp16,none,,128.0,64.0,4.0,,109.40692259521326,tok/s,2.3398884999915026,,,,3000.92578125,,,,1,1,0,0,1,0,grid,,short_sweep,qwen25_medium_cuda_sweep.csv
text,medium,Qwen2.5-1.5B-Instruct,RTX 3050 Laptop,cuda,fp16,none,,128.0,128.0,4.0,,109.28921856944751,tok/s,4.684817100001965,,,,3000.927734375,,,,1,1,0,0,1,0,grid,,short_sweep,qwen25_medium_cuda_sweep.csv
text,medium,Qwen2.5-1.5B-Instruct,RTX 3050 Laptop,cuda,fp16,none,,512.0,64.0,1.0,,26.760257321701694,tok/s,2.391606299992418,,,,3000.92431640625,,,,1,1,0,0,1,0,grid,,short_sweep,qwen25_medium_cuda_sweep.csv
text,medium,Qwen2.5-1.5B-Instruct,RTX 3050 Laptop,cuda,fp16,none,,512.0,128.0,1.0,,27.067224942284724,tok/s,4.728966499998933,,,,3000.9248046875,,,,1,1,0,0,1,0,grid,,short_sweep,qwen25_medium_cuda_sweep.csv
text,medium,Qwen2.5-1.5B-Instruct,RTX 3050 Laptop,cuda,fp16,none,,512.0,64.0,2.0,,49.95743080506226,tok/s,2.5621813999896403,,,,3047.4443359375,,,,1,1,0,0,1,0,grid,,short_sweep,qwen25_medium_cuda_sweep.csv
text,medium,Qwen2.5-1.5B-Instruct,RTX 3050 Laptop,cuda,fp16,none,,512.0,128.0,2.0,,38.13796585934977,tok/s,4.926771899976302,54.695237541528236,367.1402104210168,1.4341414469570968,3047.4453125,3492.50390625,,gpu_board,1,1,1,1,1,1,grid,medium,short_sweep;sustained_power,qwen25_medium_cuda_nvml_power.csv;qwen25_medium_cuda_sweep.csv
text,medium,Qwen2.5-1.5B-Instruct,RTX 3050 Laptop,cuda,fp16,none,,512.0,64.0,4.0,,90.62688278682428,tok/s,2.824768899998162,,,,3142.484375,,,,1,1,0,0,1,0,grid,,short_sweep,qwen25_medium_cuda_sweep.csv
text,medium,Qwen2.5-1.5B-Instruct,RTX 3050 Laptop,cuda,fp16,none,,512.0,128.0,4.0,,97.6433342645191,tok/s,5.243573499988997,,,,3142.486328125,,,,1,1,0,0,1,0,grid,,short_sweep,qwen25_medium_cuda_sweep.csv
vision,easy,ResNet50,Apple M4,cpu,fp32,none,224.0,,,10.0,1.0,51.87476559742442,img/s,0.1956137920024048,8.088152482269503,1.5591689695598507,0.15591689695598507,,,,combined_soc,1,1,1,1,0,1,batch_optimal,,cpu_scaling_short;sustained_power,resnet50_vision_easy_mac_cpu_power.csv;resnet50_vision_easy_mac_cpu_scaling_final.csv
vision,easy,ResNet50,Apple M4,cpu,fp32,none,224.0,,,10.0,10.0,90.62148430494057,img/s,0.11058331250023912,12.997313167259787,1.4360741678425089,0.14360741678425087,,,,combined_soc,1,1,1,1,0,1,batch_optimal,,cpu_scaling_short;sustained_power,resnet50_vision_easy_mac_cpu_power.csv;resnet50_vision_easy_mac_cpu_scaling_final.csv
vision,easy,ResNet50,Apple M4,cpu,fp32,none,224.0,,,10.0,2.0,58.04115462006846,img/s,0.1722915415011812,,,,,,,,1,1,0,0,0,0,batch_optimal,,cpu_scaling_short,resnet50_vision_easy_mac_cpu_scaling_final.csv
vision,easy,ResNet50,Apple M4,cpu,fp32,none,224.0,,,10.0,4.0,69.37851313008,img/s,0.1359792914990976,14.79182857142857,2.1320475034820796,0.21320475034820793,,,,combined_soc,1,1,1,1,0,1,batch_optimal,,cpu_scaling_short;sustained_power,resnet50_vision_easy_mac_cpu_power.csv;resnet50_vision_easy_mac_cpu_scaling_final.csv
vision,easy,ResNet50,Apple M4,cpu,fp32,none,224.0,,,10.0,6.0,79.82555497803038,img/s,0.12527316600244376,,,,,,,,1,1,0,0,0,0,batch_optimal,,cpu_scaling_short,resnet50_vision_easy_mac_cpu_scaling_final.csv
vision,easy,ResNet50,Apple M4,cpu,fp32,none,224.0,,,10.0,8.0,83.96086805610338,img/s,0.11910310399980517,,,,,,,,1,1,0,0,0,0,batch_optimal,,cpu_scaling_short,resnet50_vision_easy_mac_cpu_scaling_final.csv
vision,easy,ResNet50,Apple M4,cpu,fp32,none,320.0,,,1.0,1.0,29.03697986338823,img/s,0.0333216245053336,7.143184397163121,0.25556576648322754,0.25556576648322754,,,,combined_soc,1,1,1,1,0,1,highres_single,,cpu_scaling_short;sustained_power,resnet50_vision_easy_mac_cpu_power.csv;resnet50_vision_easy_mac_cpu_scaling_final.csv
vision,easy,ResNet50,Apple M4,cpu,fp32,none,320.0,,,1.0,10.0,37.96281465325678,img/s,0.025716979002027074,11.386878136200718,0.29994820563769375,0.29994820563769375,,,,combined_soc,1,1,1,1,0,1,highres_single,,cpu_scaling_short;sustained_power,resnet50_vision_easy_mac_cpu_power.csv;resnet50_vision_easy_mac_cpu_scaling_final.csv
vision,easy,ResNet50,Apple M4,cpu,fp32,none,320.0,,,1.0,2.0,36.16309556463845,img/s,0.02765249999720254,,,,,,,,1,1,0,0,0,0,highres_single,,cpu_scaling_short,resnet50_vision_easy_mac_cpu_scaling_final.csv
vision,easy,ResNet50,Apple M4,cpu,fp32,none,320.0,,,1.0,4.0,41.097874098752975,img/s,0.02431795849770424,10.107814946619218,0.2459449586694295,0.2459449586694295,,,,combined_soc,1,1,1,1,0,1,highres_single,,cpu_scaling_short;sustained_power,resnet50_vision_easy_mac_cpu_power.csv;resnet50_vision_easy_mac_cpu_scaling_final.csv
vision,easy,ResNet50,Apple M4,cpu,fp32,none,320.0,,,1.0,6.0,38.69928454112095,img/s,0.0258402709987422,,,,,,,,1,1,0,0,0,0,highres_single,,cpu_scaling_short,resnet50_vision_easy_mac_cpu_scaling_final.csv
vision,easy,ResNet50,Apple M4,cpu,fp32,none,320.0,,,1.0,8.0,39.787138805386526,img/s,0.025133750001259614,,,,,,,,1,1,0,0,0,0,highres_single,,cpu_scaling_short,resnet50_vision_easy_mac_cpu_scaling_final.csv
vision,easy,ResNet50,Apple M4,mps,fp16,none,160.0,,,1.0,,111.82478401544962,img/s,0.00834216700241086,6.158436363636364,0.055072195469525964,0.055072195469525964,49.041748046875,,,combined_soc,1,1,1,1,1,1,grid,light,short_sweep;sustained_power,resnet50_vision_easy_mps_power_500ms.csv;resnet50_vision_easy_mps_sweep.csv
vision,easy,ResNet50,Apple M4,mps,fp16,none,160.0,,,16.0,,405.90271337441436,img/s,0.03941831249903771,,,,52.020263671875,,,,1,1,0,0,1,0,grid,,short_sweep,resnet50_vision_easy_mps_sweep.csv
vision,easy,ResNet50,Apple M4,mps,fp16,none,160.0,,,4.0,,273.82724924513354,img/s,0.0146077499994135,,,,49.481201171875,,,,1,1,0,0,1,0,grid,,short_sweep,resnet50_vision_easy_mps_sweep.csv
vision,easy,ResNet50,Apple M4,mps,fp16,none,224.0,,,1.0,,97.90623599331202,img/s,0.010213853998720879,,,,49.182373046875,,,,1,1,0,0,1,0,grid,,short_sweep,resnet50_vision_easy_mps_sweep.csv
vision,easy,ResNet50,Apple M4,mps,fp16,none,224.0,,,16.0,,217.53742682890086,img/s,0.07355056200321997,,,,53.520263671875,,,,1,1,0,0,1,0,grid,,short_sweep,resnet50_vision_easy_mps_sweep.csv
vision,easy,ResNet50,Apple M4,mps,fp16,none,224.0,,,4.0,,180.20101968747855,img/s,0.023604771002283087,11.633581818181819,0.2582356490181435,0.06455891225453587,50.426513671875,,,combined_soc,1,1,1,1,1,1,grid,medium,short_sweep;sustained_power,resnet50_vision_easy_mps_power_500ms.csv;resnet50_vision_easy_mps_sweep.csv
vision,easy,ResNet50,Apple M4,mps,fp16,none,320.0,,,1.0,,72.18088443224728,img/s,0.01385408349960926,,,,49.481201171875,,,,1,1,0,0,1,0,grid,,short_sweep,resnet50_vision_easy_mps_sweep.csv
vision,easy,ResNet50,Apple M4,mps,fp16,none,320.0,,,16.0,,121.70649260662357,img/s,0.13315460400190204,13.679327272727273,1.7981239472351298,0.11238274670219561,58.395263671875,,,combined_soc,1,1,1,1,1,1,grid,heavy,short_sweep;sustained_power,resnet50_vision_easy_mps_power_500ms.csv;resnet50_vision_easy_mps_sweep.csv
vision,easy,ResNet50,Apple M4,mps,fp16,none,320.0,,,4.0,,110.88113592641264,img/s,0.03607466650282731,,,,52.020263671875,,,,1,1,0,0,1,0,grid,,short_sweep,resnet50_vision_easy_mps_sweep.csv
vision,easy,ResNet50,Apple M4,mps,fp32,none,160.0,,,1.0,,100.57879226429233,img/s,0.011162875500303926,5.330981818181818,0.0524289314603751,0.0524289314603751,98.0634765625,,,combined_soc,1,1,1,1,1,1,grid,light,short_sweep;sustained_power,resnet50_vision_easy_mps_power_500ms.csv;resnet50_vision_easy_mps_sweep.csv
vision,easy,ResNet50,Apple M4,mps,fp32,none,160.0,,,16.0,,293.67014557576033,img/s,0.05448289600099088,,,,102.5205078125,,,,1,1,0,0,1,0,grid,,short_sweep,resnet50_vision_easy_mps_sweep.csv
vision,easy,ResNet50,Apple M4,mps,fp32,none,160.0,,,4.0,,221.26749599906012,img/s,0.018077666500175837,,,,99.3330078125,,,,1,1,0,0,1,0,grid,,short_sweep,resnet50_vision_easy_mps_sweep.csv
vision,easy,ResNet50,Apple M4,mps,fp32,none,224.0,,,1.0,,84.83847753065675,img/s,0.011787104496761458,,,,98.3447265625,,,,1,1,0,0,1,0,grid,,short_sweep,resnet50_vision_easy_mps_sweep.csv
vision,easy,ResNet50,Apple M4,mps,fp32,none,224.0,,,16.0,,157.0206632363006,img/s,0.10189741700378363,,,,107.0205078125,,,,1,1,0,0,1,0,grid,,short_sweep,resnet50_vision_easy_mps_sweep.csv
vision,easy,ResNet50,Apple M4,mps,fp32,none,224.0,,,4.0,,134.80882222003402,img/s,0.028718708501401125,11.237218181818182,0.33269092296514413,0.08317273074128603,100.8330078125,,,combined_soc,1,1,1,1,1,1,grid,medium,short_sweep;sustained_power,resnet50_vision_easy_mps_power_500ms.csv;resnet50_vision_easy_mps_sweep.csv
vision,easy,ResNet50,Apple M4,mps,fp32,none,320.0,,,1.0,,60.02663802448318,img/s,0.01665927049907623,,,,99.3330078125,,,,1,1,0,0,1,0,grid,,short_sweep,resnet50_vision_easy_mps_sweep.csv
vision,easy,ResNet50,Apple M4,mps,fp32,none,320.0,,,16.0,,85.09826827607505,img/s,0.18908347899923683,13.765709090909091,2.5843059123957413,0.16151911952473383,116.7705078125,,,combined_soc,1,1,1,1,1,1,grid,heavy,short_sweep;sustained_power,resnet50_vision_easy_mps_power_500ms.csv;resnet50_vision_easy_mps_sweep.csv
vision,easy,ResNet50,Apple M4,mps,fp32,none,320.0,,,4.0,,78.43387167053014,img/s,0.050998374998016516,,,,102.5205078125,,,,1,1,0,0,1,0,grid,,short_sweep,resnet50_vision_easy_mps_sweep.csv
vision,easy,ResNet50,Intel i7-11800H,cpu,fp32,none,224.0,,,10.0,1.0,8.745302679275083,img/s,1.1434710000030464,,,,,,,,1,1,0,0,0,0,batch_workload,,cpu_scaling_short,resnet50_vision_easy_msi_cpu_scaling.csv
vision,easy,ResNet50,Intel i7-11800H,cpu,fp32,none,224.0,,,10.0,16.0,20.36648263507577,img/s,0.49100280000129715,,,,,,,,1,1,0,0,0,0,batch_workload,,cpu_scaling_short,resnet50_vision_easy_msi_cpu_scaling.csv
vision,easy,ResNet50,Intel i7-11800H,cpu,fp32,none,224.0,,,10.0,2.0,13.72149992979725,img/s,0.7287833000154933,,,,,,,,1,1,0,0,0,0,batch_workload,,cpu_scaling_short,resnet50_vision_easy_msi_cpu_scaling.csv
vision,easy,ResNet50,Intel i7-11800H,cpu,fp32,none,224.0,,,10.0,4.0,20.137932757226462,img/s,0.49657529998512473,,,,,,,,1,1,0,0,0,0,batch_workload,,cpu_scaling_short,resnet50_vision_easy_msi_cpu_scaling.csv
vision,easy,ResNet50,Intel i7-11800H,cpu,fp32,none,224.0,,,10.0,8.0,19.57649196114943,img/s,0.510816750000231,,,,,,,,1,1,0,0,0,0,batch_workload,,cpu_scaling_short,resnet50_vision_easy_msi_cpu_scaling.csv
vision,easy,ResNet50,Intel i7-11800H,cpu,fp32,none,320.0,,,1.0,1.0,4.739263494624353,img/s,0.21100325000588782,,,,,,,,1,1,0,0,0,0,highres_single,,cpu_scaling_short,resnet50_vision_easy_msi_cpu_scaling.csv
vision,easy,ResNet50,Intel i7-11800H,cpu,fp32,none,320.0,,,1.0,16.0,12.931857592854827,img/s,0.06995434999407735,36.833333333333336,2.849559892652411,2.849559892652411,,,,cpu_package,1,1,1,1,0,1,highres_single,,cpu_scaling_short;sustained_power,resnet50_vision_easy_msi_cpu_power_highres16_2s.csv;resnet50_vision_easy_msi_cpu_scaling.csv
vision,easy,ResNet50,Intel i7-11800H,cpu,fp32,none,320.0,,,1.0,2.0,7.842386846529665,img/s,0.12751219999336172,,,,,,,,1,1,0,0,0,0,highres_single,,cpu_scaling_short,resnet50_vision_easy_msi_cpu_scaling.csv
vision,easy,ResNet50,Intel i7-11800H,cpu,fp32,none,320.0,,,1.0,4.0,13.425648087098372,img/s,0.07448430001386441,,,,,,,,1,1,0,0,0,0,highres_single,,cpu_scaling_short,resnet50_vision_easy_msi_cpu_scaling.csv
vision,easy,ResNet50,Intel i7-11800H,cpu,fp32,none,320.0,,,1.0,8.0,12.831798220871447,img/s,0.07793140001012944,,,,,,,,1,1,0,0,0,0,highres_single,,cpu_scaling_short,resnet50_vision_easy_msi_cpu_scaling.csv
vision,easy,ResNet50,RTX 3050 Laptop,cuda,fp16,none,160.0,,,1.0,,113.18420174905862,img/s,0.00795990000187885,24.357733333333332,0.2122157997063355,0.2122157997063355,,62.92919921875,298.50390625,gpu_board,1,1,1,1,1,1,grid,light,short_sweep;sustained_power,resnet50_vision_easy_msi_cuda_power.csv;resnet50_vision_easy_msi_cuda_sweep.csv
vision,easy,ResNet50,RTX 3050 Laptop,cuda,fp16,none,160.0,,,16.0,,954.5542672217891,img/s,0.016761750011937693,,,,,103.73583984375,,,1,1,0,0,1,0,grid,,short_sweep,resnet50_vision_easy_msi_cuda_sweep.csv
vision,easy,ResNet50,RTX 3050 Laptop,cuda,fp16,none,160.0,,,4.0,,459.99746913114933,img/s,0.008695700016687624,,,,,69.8212890625,,,1,1,0,0,1,0,grid,,short_sweep,resnet50_vision_easy_msi_cuda_sweep.csv
vision,easy,ResNet50,RTX 3050 Laptop,cuda,fp16,none,224.0,,,1.0,,143.90974009541787,img/s,0.006948799986275844,,,,,63.54052734375,,,1,1,0,0,1,0,grid,,short_sweep,resnet50_vision_easy_msi_cuda_sweep.csv
vision,easy,ResNet50,RTX 3050 Laptop,cuda,fp16,none,224.0,,,16.0,,539.6399254019276,img/s,0.029649399992194958,,,,,147.98583984375,,,1,1,0,0,1,0,grid,,short_sweep,resnet50_vision_easy_msi_cuda_sweep.csv
vision,easy,ResNet50,RTX 3050 Laptop,cuda,fp16,none,224.0,,,4.0,,407.27653183315806,img/s,0.008959500002674758,59.769133333333336,0.5870127901974762,0.14675319754936905,,80.57958984375,318.50390625,gpu_board,1,1,1,1,1,1,grid,medium,short_sweep;sustained_power,resnet50_vision_easy_msi_cuda_power.csv;resnet50_vision_easy_msi_cuda_sweep.csv
vision,easy,ResNet50,RTX 3050 Laptop,cuda,fp16,none,320.0,,,1.0,,130.72151719378635,img/s,0.007649850012967363,,,,,69.8212890625,,,1,1,0,0,1,0,grid,,short_sweep,resnet50_vision_easy_msi_cuda_sweep.csv
vision,easy,ResNet50,RTX 3050 Laptop,cuda,fp16,none,320.0,,,16.0,,281.4824294804761,img/s,0.05547829998249654,59.85434426229508,3.398257742930987,0.2123911089331867,,243.0166015625,572.50390625,gpu_board,1,1,1,1,1,1,grid,heavy,short_sweep;sustained_power,resnet50_vision_easy_msi_cuda_power.csv;resnet50_vision_easy_msi_cuda_sweep.csv
vision,easy,ResNet50,RTX 3050 Laptop,cuda,fp16,none,320.0,,,4.0,,253.87154110633207,img/s,0.01575599999341648,,,,,103.73583984375,,,1,1,0,0,1,0,grid,,short_sweep,resnet50_vision_easy_msi_cuda_sweep.csv
vision,easy,ResNet50,RTX 3050 Laptop,cuda,fp32,none,160.0,,,1.0,,157.4889967688537,img/s,0.007523000007495284,51.57791666666667,0.32750171583331295,0.32750171583331295,,116.1640625,358.50390625,gpu_board,1,1,1,1,1,1,grid,light,short_sweep;sustained_power,resnet50_vision_easy_msi_cuda_power.csv;resnet50_vision_easy_msi_cuda_sweep.csv
vision,easy,ResNet50,RTX 3050 Laptop,cuda,fp32,none,160.0,,,16.0,,551.4151555334679,img/s,0.02901624998776242,,,,,194.85302734375,,,1,1,0,0,1,0,grid,,short_sweep,resnet50_vision_easy_msi_cuda_sweep.csv
vision,easy,ResNet50,RTX 3050 Laptop,cuda,fp32,none,160.0,,,4.0,,479.36627836766553,img/s,0.00834434998978395,,,,,127.39990234375,,,1,1,0,0,1,0,grid,,short_sweep,resnet50_vision_easy_msi_cuda_sweep.csv
vision,easy,ResNet50,RTX 3050 Laptop,cuda,fp32,none,224.0,,,1.0,,166.35060070719587,img/s,0.006011399993440136,,,,,117.2421875,,,1,1,0,0,1,0,grid,,short_sweep,resnet50_vision_easy_msi_cuda_sweep.csv
vision,easy,ResNet50,RTX 3050 Laptop,cuda,fp32,none,224.0,,,16.0,,299.6608214076844,img/s,0.05339370000001509,,,,,277.35302734375,,,1,1,0,0,1,0,grid,,short_sweep,resnet50_vision_easy_msi_cuda_sweep.csv
vision,easy,ResNet50,RTX 3050 Laptop,cuda,fp32,none,224.0,,,4.0,,266.0714123074504,img/s,0.014498549993732013,59.903666666666666,0.9005652452048759,0.22514131130121898,,148.22802734375,392.50390625,gpu_board,1,1,1,1,1,1,grid,medium,short_sweep;sustained_power,resnet50_vision_easy_msi_cuda_power.csv;resnet50_vision_easy_msi_cuda_sweep.csv
vision,easy,ResNet50,RTX 3050 Laptop,cuda,fp32,none,320.0,,,1.0,,120.86929212363577,img/s,0.008273399987956509,,,,,127.39990234375,,,1,1,0,0,1,0,grid,,short_sweep,resnet50_vision_easy_msi_cuda_sweep.csv
vision,easy,ResNet50,RTX 3050 Laptop,cuda,fp32,none,320.0,,,16.0,,158.04288208919743,img/s,0.09900845000811387,59.43372131147541,6.029127140122722,0.37682044625767014,,449.66552734375,858.50390625,gpu_board,1,1,1,1,1,1,grid,heavy,short_sweep;sustained_power,resnet50_vision_easy_msi_cuda_power.csv;resnet50_vision_easy_msi_cuda_sweep.csv
vision,easy,ResNet50,RTX 3050 Laptop,cuda,fp32,none,320.0,,,4.0,,146.45952407820928,img/s,0.02731130000029225,,,,,194.85302734375,,,1,1,0,0,1,0,grid,,short_sweep,resnet50_vision_easy_msi_cuda_sweep.csv
vision,hard,ConvNeXt-Large,Apple M4,cpu,fp32,none,224.0,,,1.0,4.0,0.9858388760566714,img/s,1.0143645420030225,,,,,,,,1,1,0,0,0,0,grid,,cpu_batch_short,convnext_large_vision_hard_mac_cpu_batch_sweep.csv
vision,hard,ConvNeXt-Large,Apple M4,cpu,fp32,none,224.0,,,2.0,4.0,0.8860530595329333,img/s,2.2572011669981293,,,,,,,,1,1,0,0,0,0,grid,,cpu_batch_short,convnext_large_vision_hard_mac_cpu_batch_sweep.csv
vision,hard,ConvNeXt-Large,Apple M4,cpu,fp32,none,224.0,,,4.0,4.0,1.4648040542031646,img/s,2.7307406670006458,,,,,,,,1,1,0,0,0,0,grid,,cpu_batch_short,convnext_large_vision_hard_mac_cpu_batch_sweep.csv
vision,hard,ConvNeXt-Large,Apple M4,cpu,fp32,none,224.0,,,8.0,4.0,1.5112088248482332,img/s,5.293775333004305,11.9984,63.87763585009801,7.984704481262251,,,,combined_soc,1,1,1,1,0,1,batch_workload;grid,,cpu_batch_short;cpu_scaling_short;sustained_power,convnext_large_vision_hard_mac_cpu_batch_sweep.csv;convnext_large_vision_hard_mac_cpu_power.csv;convnext_large_vision_hard_mac_cpu_scaling.csv
vision,hard,ConvNeXt-Large,Apple M4,cpu,fp32,none,224.0,,,8.0,1.0,0.9114060573721601,img/s,8.880245396001555,5.777058823529412,50.60754536224574,6.325943170280717,,,,combined_soc,1,1,1,1,0,1,batch_workload,,cpu_scaling_short;sustained_power,convnext_large_vision_hard_mac_cpu_power.csv;convnext_large_vision_hard_mac_cpu_scaling.csv
vision,hard,ConvNeXt-Large,Apple M4,cpu,fp32,none,224.0,,,8.0,10.0,2.052531946925608,img/s,3.966849333002756,15.177999999999999,59.15815350980303,7.394769188725379,,,,combined_soc,1,1,1,1,0,1,batch_workload,,cpu_scaling_short;sustained_power,convnext_large_vision_hard_mac_cpu_power.csv;convnext_large_vision_hard_mac_cpu_scaling.csv
vision,hard,ConvNeXt-Large,Apple M4,cpu,fp32,none,224.0,,,8.0,2.0,1.4199179057338214,img/s,5.634128542005783,,,,,,,,1,1,0,0,0,0,batch_workload,,cpu_scaling_short,convnext_large_vision_hard_mac_cpu_scaling.csv
vision,hard,ConvNeXt-Large,Apple M4,cpu,fp32,none,224.0,,,8.0,6.0,1.4864069131979705,img/s,5.3821062920033,,,,,,,,1,1,0,0,0,0,batch_workload,,cpu_scaling_short,convnext_large_vision_hard_mac_cpu_scaling.csv
vision,hard,ConvNeXt-Large,Apple M4,cpu,fp32,none,224.0,,,8.0,8.0,2.1267417338231556,img/s,3.7918255620024865,15.192,57.14657217993261,7.1433215224915765,,,,combined_soc,1,1,1,1,0,1,batch_workload,,cpu_scaling_short;sustained_power,convnext_large_vision_hard_mac_cpu_power.csv;convnext_large_vision_hard_mac_cpu_scaling.csv
vision,hard,ConvNeXt-Large,Apple M4,cpu,fp32,none,320.0,,,1.0,1.0,0.41602817886125587,img/s,2.4744119375027367,6.35675,15.279614033356037,15.279614033356037,,,,combined_soc,1,1,1,1,0,1,highres_single,,cpu_scaling_short;sustained_power,convnext_large_vision_hard_mac_cpu_power.csv;convnext_large_vision_hard_mac_cpu_scaling.csv
vision,hard,ConvNeXt-Large,Apple M4,cpu,fp32,none,320.0,,,1.0,10.0,0.6215337837824811,img/s,1.52100991649786,12.855666666666666,20.683777780236927,20.683777780236927,,,,combined_soc,1,1,1,1,0,1,highres_single,,cpu_scaling_short;sustained_power,convnext_large_vision_hard_mac_cpu_power.csv;convnext_large_vision_hard_mac_cpu_scaling.csv
vision,hard,ConvNeXt-Large,Apple M4,cpu,fp32,none,320.0,,,1.0,2.0,0.5910645668689287,img/s,1.691862541003502,,,,,,,,1,1,0,0,0,0,highres_single,,cpu_scaling_short,convnext_large_vision_hard_mac_cpu_scaling.csv
vision,hard,ConvNeXt-Large,Apple M4,cpu,fp32,none,320.0,,,1.0,4.0,0.75695389930832,img/s,1.2678571454962366,13.633,18.010343843208144,18.010343843208144,,,,combined_soc,1,1,1,1,0,1,highres_single,,cpu_scaling_short;sustained_power,convnext_large_vision_hard_mac_cpu_power.csv;convnext_large_vision_hard_mac_cpu_scaling.csv
vision,hard,ConvNeXt-Large,Apple M4,cpu,fp32,none,320.0,,,1.0,6.0,0.6181973975660764,img/s,1.617606291998527,,,,,,,,1,1,0,0,0,0,highres_single,,cpu_scaling_short,convnext_large_vision_hard_mac_cpu_scaling.csv
vision,hard,ConvNeXt-Large,Apple M4,cpu,fp32,none,320.0,,,1.0,8.0,0.728260734511393,img/s,1.4725823955013766,13.361,18.182585979706563,18.182585979706563,,,,combined_soc,1,1,1,1,0,1,highres_single,,cpu_scaling_short;sustained_power,convnext_large_vision_hard_mac_cpu_power.csv;convnext_large_vision_hard_mac_cpu_scaling.csv
vision,hard,ConvNeXt-Large,Apple M4,mps,fp16,none,160.0,,,1.0,,47.23,img/s,0.021728915991843678,13.67,,0.2917,381.4,,,combined_soc,1,1,1,1,1,1,grid,light,short_sweep;sustained_power,convnext_large_vision_hard_mac_mps_power_canonical.csv;convnext_large_vision_hard_mac_mps_sweep.csv
vision,hard,ConvNeXt-Large,Apple M4,mps,fp16,none,160.0,,,16.0,,74.64398330403795,img/s,0.21435083300457336,,,,383.62744140625,,,,1,1,0,0,1,0,grid,,short_sweep,convnext_large_vision_hard_mac_mps_sweep.csv
vision,hard,ConvNeXt-Large,Apple M4,mps,fp16,none,160.0,,,4.0,,63.651993672096125,img/s,0.06284170800063293,,,,381.815673828125,,,,1,1,0,0,1,0,grid,,short_sweep,convnext_large_vision_hard_mac_mps_sweep.csv
vision,hard,ConvNeXt-Large,Apple M4,mps,fp16,none,224.0,,,1.0,,28.01293783308863,img/s,0.03569779099780135,,,,381.510986328125,,,,1,1,0,0,1,0,grid,,short_sweep,convnext_large_vision_hard_mac_mps_sweep.csv
vision,hard,ConvNeXt-Large,Apple M4,mps,fp16,none,224.0,,,16.0,,37.66455431864835,img/s,0.4248025840061018,,,,386.00244140625,,,,1,1,0,0,1,0,grid,,short_sweep,convnext_large_vision_hard_mac_mps_sweep.csv
vision,hard,ConvNeXt-Large,Apple M4,mps,fp16,none,224.0,,,4.0,,35.41,img/s,0.11175054201157764,17.09,,0.5092,382.417236328125,,,combined_soc,1,1,1,1,1,1,grid,medium,short_sweep;sustained_power,convnext_large_vision_hard_mac_mps_power_canonical.csv;convnext_large_vision_hard_mac_mps_sweep.csv
vision,hard,ConvNeXt-Large,Apple M4,mps,fp16,none,320.0,,,1.0,,16.041751158398682,img/s,0.06233733400586061,,,,381.809814453125,,,,1,1,0,0,1,0,grid,,short_sweep,convnext_large_vision_hard_mac_mps_sweep.csv
vision,hard,ConvNeXt-Large,Apple M4,mps,fp16,none,320.0,,,16.0,,17.73,img/s,0.8576057080063038,17.29,,0.9593,390.75244140625,,,combined_soc,1,1,1,1,1,1,grid,heavy,short_sweep;sustained_power,convnext_large_vision_hard_mac_mps_power_canonical.csv;convnext_large_vision_hard_mac_mps_sweep.csv
vision,hard,ConvNeXt-Large,Apple M4,mps,fp16,none,320.0,,,4.0,,18.649138031782922,img/s,0.21448712499113753,,,,383.604736328125,,,,1,1,0,0,1,0,grid,,short_sweep,convnext_large_vision_hard_mac_mps_sweep.csv
vision,hard,ConvNeXt-Large,Apple M4,mps,fp32,none,160.0,,,1.0,,39.71,img/s,0.02620191700407304,14.28,,0.3549,754.735107421875,,,combined_soc,1,1,1,1,1,1,grid,light,short_sweep;sustained_power,convnext_large_vision_hard_mac_mps_power_canonical.csv;convnext_large_vision_hard_mac_mps_sweep.csv
vision,hard,ConvNeXt-Large,Apple M4,mps,fp32,none,160.0,,,16.0,,61.40033039777631,img/s,0.2605849169922294,,,,759.499267578125,,,,1,1,0,0,1,0,grid,,short_sweep,convnext_large_vision_hard_mac_mps_sweep.csv
vision,hard,ConvNeXt-Large,Apple M4,mps,fp32,none,160.0,,,4.0,,55.075809304892125,img/s,0.07262716699915472,,,,755.64111328125,,,,1,1,0,0,1,0,grid,,short_sweep,convnext_large_vision_hard_mac_mps_sweep.csv
vision,hard,ConvNeXt-Large,Apple M4,mps,fp32,none,224.0,,,1.0,,24.993178736398107,img/s,0.040010917000472546,,,,755.016357421875,,,,1,1,0,0,1,0,grid,,short_sweep,convnext_large_vision_hard_mac_mps_sweep.csv
vision,hard,ConvNeXt-Large,Apple M4,mps,fp32,none,224.0,,,16.0,,30.57483309944832,img/s,0.5233062089973828,,,,763.999267578125,,,,1,1,0,0,1,0,grid,,short_sweep,convnext_large_vision_hard_mac_mps_sweep.csv
vision,hard,ConvNeXt-Large,Apple M4,mps,fp32,none,224.0,,,4.0,,28.23,img/s,0.13301283300097566,15.8,,0.5434,756.82861328125,,,combined_soc,1,1,1,1,1,1,grid,medium,short_sweep;sustained_power,convnext_large_vision_hard_mac_mps_power_canonical.csv;convnext_large_vision_hard_mac_mps_sweep.csv
vision,hard,ConvNeXt-Large,Apple M4,mps,fp32,none,320.0,,,1.0,,13.940115523935546,img/s,0.07173541699012276,,,,755.629638671875,,,,1,1,0,0,1,0,grid,,short_sweep,convnext_large_vision_hard_mac_mps_sweep.csv
vision,hard,ConvNeXt-Large,Apple M4,mps,fp32,none,320.0,,,16.0,,14.27,img/s,1.0525573750055628,14.83,,1.0258,773.499267578125,,,combined_soc,1,1,1,1,1,1,grid,heavy,short_sweep;sustained_power,convnext_large_vision_hard_mac_mps_power_canonical.csv;convnext_large_vision_hard_mac_mps_sweep.csv
vision,hard,ConvNeXt-Large,Apple M4,mps,fp32,none,320.0,,,4.0,,15.463728234723906,img/s,0.25866983299783897,,,,759.45361328125,,,,1,1,0,0,1,0,grid,,short_sweep,convnext_large_vision_hard_mac_mps_sweep.csv
vision,hard,ConvNeXt-Large,Intel i7-11800H,cpu,fp32,none,224.0,,,1.0,16.0,4.3682753133609395,img/s,0.22892329999012873,,,,,,,,1,1,0,0,0,0,grid,,cpu_batch_short,convnext_large_vision_hard_msi_cpu_batch_sweep.csv
vision,hard,ConvNeXt-Large,Intel i7-11800H,cpu,fp32,none,224.0,,,2.0,16.0,4.55448377256478,img/s,0.3895901500363834,36.72857142857143,,7.986704068920784,,,,cpu_package,1,1,1,1,0,1,batch_workload;batched_load;grid,,cpu_batch_short;cpu_scaling_short;sustained_power,convnext_large_vision_hard_msi_cpu_batch_sweep.csv;convnext_large_vision_hard_msi_cpu_power.csv;convnext_large_vision_hard_msi_cpu_scaling.csv
vision,hard,ConvNeXt-Large,Intel i7-11800H,cpu,fp32,none,224.0,,,4.0,16.0,4.167638681545568,img/s,0.9597761000040919,,,,,,,,1,1,0,0,0,0,grid,,cpu_batch_short,convnext_large_vision_hard_msi_cpu_batch_sweep.csv
vision,hard,ConvNeXt-Large,Intel i7-11800H,cpu,fp32,none,224.0,,,8.0,16.0,4.257662448487156,img/s,1.8789653000421822,,,,,,,,1,1,0,0,0,0,grid,,cpu_batch_short,convnext_large_vision_hard_msi_cpu_batch_sweep.csv
vision,hard,ConvNeXt-Large,Intel i7-11800H,cpu,fp32,none,224.0,,,2.0,1.0,1.0322992651488185,img/s,1.4225550999981351,19.32857142857143,,18.632772255282585,,,,cpu_package,1,1,1,1,0,1,batch_workload;batched_load,,cpu_scaling_short;sustained_power,convnext_large_vision_hard_msi_cpu_power.csv;convnext_large_vision_hard_msi_cpu_scaling.csv
vision,hard,ConvNeXt-Large,Intel i7-11800H,cpu,fp32,none,224.0,,,2.0,2.0,2.377299264367162,img/s,0.8412908000173047,,,,,,,,1,1,0,0,0,0,batch_workload,,cpu_scaling_short,convnext_large_vision_hard_msi_cpu_scaling.csv
vision,hard,ConvNeXt-Large,Intel i7-11800H,cpu,fp32,none,224.0,,,2.0,4.0,3.4701804787589308,img/s,0.576338900020346,,,,,,,,1,1,0,0,0,0,batch_workload,,cpu_scaling_short,convnext_large_vision_hard_msi_cpu_scaling.csv
vision,hard,ConvNeXt-Large,Intel i7-11800H,cpu,fp32,none,224.0,,,2.0,8.0,3.716392130727884,img/s,0.36395999998785555,32.32857142857143,,8.613386460877532,,,,cpu_package,1,1,1,1,0,1,batch_workload;batched_load,,cpu_scaling_short;sustained_power,convnext_large_vision_hard_msi_cpu_power.csv;convnext_large_vision_hard_msi_cpu_scaling.csv
vision,hard,ConvNeXt-Large,Intel i7-11800H,cpu,fp32,none,320.0,,,1.0,1.0,0.640373686222983,img/s,1.608326199988369,20.057142857142857,,30.974525154217627,,,,cpu_package,1,1,1,1,0,1,highres_single,,cpu_scaling_short;sustained_power,convnext_large_vision_hard_msi_cpu_power.csv;convnext_large_vision_hard_msi_cpu_scaling.csv
vision,hard,ConvNeXt-Large,Intel i7-11800H,cpu,fp32,none,320.0,,,1.0,16.0,2.2463295636748484,img/s,0.4435721000190824,36.58571428571429,,16.350938338956,,,,cpu_package,1,1,1,1,0,1,highres_single,,cpu_scaling_short;sustained_power,convnext_large_vision_hard_msi_cpu_power.csv;convnext_large_vision_hard_msi_cpu_scaling.csv
vision,hard,ConvNeXt-Large,Intel i7-11800H,cpu,fp32,none,320.0,,,1.0,2.0,1.1840794829873005,img/s,0.8445379000040703,,,,,,,,1,1,0,0,0,0,highres_single,,cpu_scaling_short,convnext_large_vision_hard_msi_cpu_scaling.csv
vision,hard,ConvNeXt-Large,Intel i7-11800H,cpu,fp32,none,320.0,,,1.0,4.0,1.6864598020670694,img/s,0.5929581000236794,,,,,,,,1,1,0,0,0,0,highres_single,,cpu_scaling_short,convnext_large_vision_hard_msi_cpu_scaling.csv
vision,hard,ConvNeXt-Large,Intel i7-11800H,cpu,fp32,none,320.0,,,1.0,8.0,2.235472409959128,img/s,0.5106070999754593,37.2,,16.653525845313297,,,,cpu_package,1,1,1,1,0,1,highres_single,,cpu_scaling_short;sustained_power,convnext_large_vision_hard_msi_cpu_power.csv;convnext_large_vision_hard_msi_cpu_scaling.csv
vision,hard,ConvNeXt-Large,RTX 3050 Laptop,cuda,fp16,none,160.0,,,1.0,,102.78793166918739,img/s,0.010104999993927777,57.0657,,0.5825073506106513,385.69580078125,395.06396484375,660.50390625,gpu_board,1,1,1,1,1,1,grid,light,short_sweep;sustained_power,convnext_large_vision_hard_msi_cuda_power.csv;convnext_large_vision_hard_msi_cuda_sweep.csv
vision,hard,ConvNeXt-Large,RTX 3050 Laptop,cuda,fp16,none,160.0,,,16.0,,233.47302805366013,img/s,0.06853039999259636,,,,388.25,483.0,,,1,1,0,0,1,0,grid,,short_sweep,convnext_large_vision_hard_msi_cuda_sweep.csv
vision,hard,ConvNeXt-Large,RTX 3050 Laptop,cuda,fp16,none,160.0,,,4.0,,178.7461846938513,img/s,0.02237810002407059,,,,386.14111328125,410.57080078125,,,1,1,0,0,1,0,grid,,short_sweep,convnext_large_vision_hard_msi_cuda_sweep.csv
vision,hard,ConvNeXt-Large,RTX 3050 Laptop,cuda,fp16,none,224.0,,,1.0,,74.27875325734594,img/s,0.013462800008710474,,,,385.83642578125,399.02392578125,,,1,1,0,0,1,0,grid,,short_sweep,convnext_large_vision_hard_msi_cuda_sweep.csv
vision,hard,ConvNeXt-Large,RTX 3050 Laptop,cuda,fp16,none,224.0,,,16.0,,125.16985942643812,img/s,0.12782629998400807,,,,390.171875,574.921875,,,1,1,0,0,1,0,grid,,short_sweep,convnext_large_vision_hard_msi_cuda_sweep.csv
vision,hard,ConvNeXt-Large,RTX 3050 Laptop,cuda,fp16,none,224.0,,,4.0,,94.10077459251468,img/s,0.040522399998735636,57.27675,,0.608055695727903,387.55517578125,433.50048828125,720.50390625,gpu_board,1,1,1,1,1,1,grid,medium,short_sweep;sustained_power,convnext_large_vision_hard_msi_cuda_power.csv;convnext_large_vision_hard_msi_cuda_sweep.csv
vision,hard,ConvNeXt-Large,RTX 3050 Laptop,cuda,fp16,none,320.0,,,1.0,,44.47073163173179,img/s,0.022486699977889657,,,,386.13525390625,410.56494140625,,,1,1,0,0,1,0,grid,,short_sweep,convnext_large_vision_hard_msi_cuda_sweep.csv
vision,hard,ConvNeXt-Large,RTX 3050 Laptop,cuda,fp16,none,320.0,,,16.0,,60.90866941046307,img/s,0.25225140003021806,57.57652380952381,,0.9449771601721341,394.953125,770.98388671875,1224.50390625,gpu_board,1,1,1,1,1,1,grid,heavy,short_sweep;sustained_power,convnext_large_vision_hard_msi_cuda_power.csv;convnext_large_vision_hard_msi_cuda_sweep.csv
vision,hard,ConvNeXt-Large,RTX 3050 Laptop,cuda,fp16,none,320.0,,,4.0,,52.37336447671997,img/s,0.0763747000019066,,,,388.22705078125,482.97705078125,,,1,1,0,0,1,0,grid,,short_sweep,convnext_large_vision_hard_msi_cuda_sweep.csv
vision,hard,ConvNeXt-Large,RTX 3050 Laptop,cuda,fp32,none,160.0,,,1.0,,47.629224113218605,img/s,0.02063149999594316,57.1539,,1.1996212044560983,763.72509765625,801.1298828125,1084.50390625,gpu_board,1,1,1,1,1,1,grid,light,short_sweep;sustained_power,convnext_large_vision_hard_msi_cuda_power.csv;convnext_large_vision_hard_msi_cuda_sweep.csv
vision,hard,ConvNeXt-Large,RTX 3050 Laptop,cuda,fp32,none,160.0,,,16.0,,81.91316387617785,img/s,0.19532879994949326,,,,768.1767578125,957.6767578125,,,1,1,0,0,1,0,grid,,short_sweep,convnext_large_vision_hard_msi_cuda_sweep.csv
vision,hard,ConvNeXt-Large,RTX 3050 Laptop,cuda,fp32,none,160.0,,,4.0,,71.41709369077311,img/s,0.05600899999262765,,,,764.77197265625,811.64697265625,,,1,1,0,0,1,0,grid,,short_sweep,convnext_large_vision_hard_msi_cuda_sweep.csv
vision,hard,ConvNeXt-Large,RTX 3050 Laptop,cuda,fp32,none,224.0,,,1.0,,31.904745180598333,img/s,0.0313433000119403,,,,764.00634765625,802.3916015625,,,1,1,0,0,1,0,grid,,short_sweep,convnext_large_vision_hard_msi_cuda_sweep.csv
vision,hard,ConvNeXt-Large,RTX 3050 Laptop,cuda,fp32,none,224.0,,,16.0,,40.446815974003265,img/s,0.39558120002038777,,,,772.6767578125,1142.1767578125,,,1,1,0,0,1,0,grid,,short_sweep,convnext_large_vision_hard_msi_cuda_sweep.csv
vision,hard,ConvNeXt-Large,RTX 3050 Laptop,cuda,fp32,none,224.0,,,4.0,,37.30040966056431,img/s,0.10192310001002625,57.41833333333334,,1.5397376674920789,765.74072265625,857.63134765625,1158.50390625,gpu_board,1,1,1,1,1,1,grid,medium,short_sweep;sustained_power,convnext_large_vision_hard_msi_cuda_power.csv;convnext_large_vision_hard_msi_cuda_sweep.csv
vision,hard,ConvNeXt-Large,RTX 3050 Laptop,cuda,fp32,none,320.0,,,1.0,,17.529036852808353,img/s,0.057048199989367276,,,,764.76025390625,811.63525390625,,,1,1,0,0,1,0,grid,,short_sweep,convnext_large_vision_hard_msi_cuda_sweep.csv
vision,hard,ConvNeXt-Large,RTX 3050 Laptop,cuda,fp32,none,320.0,,,16.0,,19.66405604053286,img/s,0.7797500999877229,57.89376923076923,,2.9397042367053237,782.2392578125,1534.30029296875,2190.50390625,gpu_board,1,1,1,1,1,1,grid,heavy,short_sweep;sustained_power,convnext_large_vision_hard_msi_cuda_power.csv;convnext_large_vision_hard_msi_cuda_sweep.csv
vision,hard,ConvNeXt-Large,RTX 3050 Laptop,cuda,fp32,none,320.0,,,4.0,,20.12569502949143,img/s,0.1987508999882266,,,,768.13134765625,957.63134765625,,,1,1,0,0,1,0,grid,,short_sweep,convnext_large_vision_hard_msi_cuda_sweep.csv
vision,medium,ConvNeXt-Base,Apple M4,cpu,fp32,none,224.0,,,1.0,4.0,1.7292181294117426,img/s,0.5782960420037853,,,,,,,,1,1,0,0,0,0,grid,,cpu_batch_short,convnext_base_vision_medium_mac_cpu_batch_sweep.csv
vision,medium,ConvNeXt-Base,Apple M4,cpu,fp32,none,224.0,,,2.0,4.0,1.5654745030660213,img/s,1.2775679170008516,,,,,,,,1,1,0,0,0,0,grid,,cpu_batch_short,convnext_base_vision_medium_mac_cpu_batch_sweep.csv
vision,medium,ConvNeXt-Base,Apple M4,cpu,fp32,none,224.0,,,4.0,4.0,3.1260230789635908,img/s,1.2795810840034392,,,,,,,,1,1,0,0,0,0,grid,,cpu_batch_short,convnext_base_vision_medium_mac_cpu_batch_sweep.csv
vision,medium,ConvNeXt-Base,Apple M4,cpu,fp32,none,224.0,,,8.0,4.0,3.404174741618911,img/s,2.1577810419985326,14.83625,34.86601276629972,4.358251595787465,,,,combined_soc,1,1,1,1,0,1,batch_workload;grid,,cpu_batch_short;cpu_scaling_short;sustained_power,convnext_base_vision_medium_mac_cpu_batch_sweep.csv;convnext_base_vision_medium_mac_cpu_power.csv;convnext_base_vision_medium_mac_cpu_scaling.csv
vision,medium,ConvNeXt-Base,Apple M4,cpu,fp32,none,224.0,,,8.0,1.0,1.3564397955735306,img/s,5.858737895505328,6.225727272727273,36.71804553681593,4.589755692101991,,,,combined_soc,1,1,1,1,0,1,batch_workload,,cpu_scaling_short;sustained_power,convnext_base_vision_medium_mac_cpu_power.csv;convnext_base_vision_medium_mac_cpu_scaling.csv
vision,medium,ConvNeXt-Base,Apple M4,cpu,fp32,none,224.0,,,8.0,10.0,3.1828420420545704,img/s,2.51582760400197,15.1005,37.7540863721124,4.71926079651405,,,,combined_soc,1,1,1,1,0,1,batch_workload,,cpu_scaling_short;sustained_power,convnext_base_vision_medium_mac_cpu_power.csv;convnext_base_vision_medium_mac_cpu_scaling.csv
vision,medium,ConvNeXt-Base,Apple M4,cpu,fp32,none,224.0,,,8.0,2.0,2.2893895192386955,img/s,3.4943813330028206,,,,,,,,1,1,0,0,0,0,batch_workload,,cpu_scaling_short,convnext_base_vision_medium_mac_cpu_scaling.csv
vision,medium,ConvNeXt-Base,Apple M4,cpu,fp32,none,224.0,,,8.0,6.0,3.245140883226013,img/s,2.4652242500014836,,,,,,,,1,1,0,0,0,0,batch_workload,,cpu_scaling_short,convnext_base_vision_medium_mac_cpu_scaling.csv
vision,medium,ConvNeXt-Base,Apple M4,cpu,fp32,none,224.0,,,8.0,8.0,3.31710869819684,img/s,2.41173887498735,,,,,,,,1,1,0,0,0,0,batch_workload,,cpu_scaling_short,convnext_base_vision_medium_mac_cpu_scaling.csv
vision,medium,ConvNeXt-Base,Apple M4,cpu,fp32,none,320.0,,,1.0,1.0,0.634363351751916,img/s,1.5817322500006412,5.493333333333333,8.62053029186558,8.62053029186558,,,,combined_soc,1,1,1,1,0,1,highres_single,,cpu_scaling_short;sustained_power,convnext_base_vision_medium_mac_cpu_power.csv;convnext_base_vision_medium_mac_cpu_scaling.csv
vision,medium,ConvNeXt-Base,Apple M4,cpu,fp32,none,320.0,,,1.0,10.0,0.9620525972475891,img/s,0.9833145205047913,12.271,12.735728918740913,12.735728918740913,,,,combined_soc,1,1,1,1,0,1,highres_single,,cpu_scaling_short;sustained_power,convnext_base_vision_medium_mac_cpu_power.csv;convnext_base_vision_medium_mac_cpu_scaling.csv
vision,medium,ConvNeXt-Base,Apple M4,cpu,fp32,none,320.0,,,1.0,2.0,0.966976659237533,img/s,1.0341511250007898,,,,,,,,1,1,0,0,0,0,highres_single,,cpu_scaling_short,convnext_base_vision_medium_mac_cpu_scaling.csv
vision,medium,ConvNeXt-Base,Apple M4,cpu,fp32,none,320.0,,,1.0,4.0,1.3418862929271014,img/s,0.7838486669934355,13.451,10.02394917579707,10.02394917579707,,,,combined_soc,1,1,1,1,0,1,highres_single,,cpu_scaling_short;sustained_power,convnext_base_vision_medium_mac_cpu_power.csv;convnext_base_vision_medium_mac_cpu_scaling.csv
vision,medium,ConvNeXt-Base,Apple M4,cpu,fp32,none,320.0,,,1.0,6.0,1.014992496798635,img/s,0.9852289580012439,,,,,,,,1,1,0,0,0,0,highres_single,,cpu_scaling_short,convnext_base_vision_medium_mac_cpu_scaling.csv
vision,medium,ConvNeXt-Base,Apple M4,cpu,fp32,none,320.0,,,1.0,8.0,1.1521472909444836,img/s,0.8679445830057375,,,,,,,,1,1,0,0,0,0,highres_single,,cpu_scaling_short,convnext_base_vision_medium_mac_cpu_scaling.csv
vision,medium,ConvNeXt-Base,Apple M4,mps,fp16,none,160.0,,,1.0,,78.29029702869214,img/s,0.014320125002996065,12.125789473684211,0.1560310270403348,0.1560310270403348,169.138916015625,,,combined_soc,1,1,1,1,1,1,grid,light,short_sweep;sustained_power,convnext_base_vision_medium_mac_mps_power.csv;convnext_base_vision_medium_mac_mps_sweep.csv
vision,medium,ConvNeXt-Base,Apple M4,mps,fp16,none,160.0,,,16.0,,144.27227873882703,img/s,0.11090141598833725,,,,172.14599609375,,,,1,1,0,0,1,0,grid,,short_sweep,convnext_base_vision_medium_mac_mps_sweep.csv
vision,medium,ConvNeXt-Base,Apple M4,mps,fp16,none,160.0,,,4.0,,106.97022534772289,img/s,0.03739358299935702,,,,169.584228515625,,,,1,1,0,0,1,0,grid,,short_sweep,convnext_base_vision_medium_mac_mps_sweep.csv
vision,medium,ConvNeXt-Base,Apple M4,mps,fp16,none,224.0,,,1.0,,50.14207003895339,img/s,0.019943332998082042,,,,169.279541015625,,,,1,1,0,0,1,0,grid,,short_sweep,convnext_base_vision_medium_mac_mps_sweep.csv
vision,medium,ConvNeXt-Base,Apple M4,mps,fp16,none,224.0,,,16.0,,72.87235496177051,img/s,0.21956199999840464,,,,173.64599609375,,,,1,1,0,0,1,0,grid,,short_sweep,convnext_base_vision_medium_mac_mps_sweep.csv
vision,medium,ConvNeXt-Base,Apple M4,mps,fp16,none,224.0,,,4.0,,64.56201814389257,img/s,0.05834408299415372,13.779473684210526,0.8622681919751574,0.21556704799378934,170.560791015625,,,combined_soc,1,1,1,1,1,1,grid,medium,short_sweep;sustained_power,convnext_base_vision_medium_mac_mps_power.csv;convnext_base_vision_medium_mac_mps_sweep.csv
vision,medium,ConvNeXt-Base,Apple M4,mps,fp16,none,320.0,,,1.0,,30.559506056930214,img/s,0.03272304199344944,,,,169.578369140625,,,,1,1,0,0,1,0,grid,,short_sweep,convnext_base_vision_medium_mac_mps_sweep.csv
vision,medium,ConvNeXt-Base,Apple M4,mps,fp16,none,320.0,,,16.0,,32.6068897327798,img/s,0.4398439579963451,14.264904761904763,6.899934652151993,0.43124591575949955,178.52099609375,,,combined_soc,1,1,1,1,1,1,grid,heavy,short_sweep;sustained_power,convnext_base_vision_medium_mac_mps_power.csv;convnext_base_vision_medium_mac_mps_sweep.csv
vision,medium,ConvNeXt-Base,Apple M4,mps,fp16,none,320.0,,,4.0,,35.98172599466998,img/s,0.11116754100658,,,,172.123291015625,,,,1,1,0,0,1,0,grid,,short_sweep,convnext_base_vision_medium_mac_mps_sweep.csv
vision,medium,ConvNeXt-Base,Apple M4,mps,fp32,none,160.0,,,1.0,,69.18263861682591,img/s,0.014756499993382022,11.616947368421053,0.1676893855234666,0.1676893855234666,338.34033203125,,,combined_soc,1,1,1,1,1,1,grid,light,short_sweep;sustained_power,convnext_base_vision_medium_mac_mps_power.csv;convnext_base_vision_medium_mac_mps_sweep.csv
vision,medium,ConvNeXt-Base,Apple M4,mps,fp32,none,160.0,,,16.0,,101.9347158052042,img/s,0.15696320800634567,,,,342.8544921875,,,,1,1,0,0,1,0,grid,,short_sweep,convnext_base_vision_medium_mac_mps_sweep.csv
vision,medium,ConvNeXt-Base,Apple M4,mps,fp32,none,160.0,,,4.0,,107.20184111890539,img/s,0.037312792002921924,,,,339.808837890625,,,,1,1,0,0,1,0,grid,,short_sweep,convnext_base_vision_medium_mac_mps_sweep.csv
vision,medium,ConvNeXt-Base,Apple M4,mps,fp32,none,224.0,,,1.0,,42.62620020339849,img/s,0.023459749994799495,,,,338.62158203125,,,,1,1,0,0,1,0,grid,,short_sweep,convnext_base_vision_medium_mac_mps_sweep.csv
vision,medium,ConvNeXt-Base,Apple M4,mps,fp32,none,224.0,,,16.0,,58.935306070335386,img/s,0.2714841249980964,,,,347.3544921875,,,,1,1,0,0,1,0,grid,,short_sweep,convnext_base_vision_medium_mac_mps_sweep.csv
vision,medium,ConvNeXt-Base,Apple M4,mps,fp32,none,224.0,,,4.0,,58.10033234858752,img/s,0.06932574999518692,15.550894736842105,1.0832204897293898,0.27080512243234744,341.183837890625,,,combined_soc,1,1,1,1,1,1,grid,medium,short_sweep;sustained_power,convnext_base_vision_medium_mac_mps_power.csv;convnext_base_vision_medium_mac_mps_sweep.csv
vision,medium,ConvNeXt-Base,Apple M4,mps,fp32,none,320.0,,,1.0,,25.909812034604442,img/s,0.038595417005126365,,,,339.60986328125,,,,1,1,0,0,1,0,grid,,short_sweep,convnext_base_vision_medium_mac_mps_sweep.csv
vision,medium,ConvNeXt-Base,Apple M4,mps,fp32,none,320.0,,,16.0,,27.787943072911855,img/s,0.5537782920000609,14.36109090909091,8.33228543806128,0.52076783987883,357.1044921875,,,combined_soc,1,1,1,1,1,1,grid,heavy,short_sweep;sustained_power,convnext_base_vision_medium_mac_mps_power.csv;convnext_base_vision_medium_mac_mps_sweep.csv
vision,medium,ConvNeXt-Base,Apple M4,mps,fp32,none,320.0,,,4.0,,30.192353597608655,img/s,0.13248387500061654,,,,342.808837890625,,,,1,1,0,0,1,0,grid,,short_sweep,convnext_base_vision_medium_mac_mps_sweep.csv
vision,medium,ConvNeXt-Base,Intel i7-11800H,cpu,fp32,none,224.0,,,1.0,16.0,9.661630382195593,img/s,0.10350219998508692,,,,,,,,1,1,0,0,0,0,grid,,cpu_batch_short,convnext_base_vision_medium_msi_cpu_batch_sweep.csv
vision,medium,ConvNeXt-Base,Intel i7-11800H,cpu,fp32,none,224.0,,,2.0,16.0,8.640361376179776,img/s,0.23147179995430633,,,,,,,,1,1,0,0,0,0,grid,,cpu_batch_short,convnext_base_vision_medium_msi_cpu_batch_sweep.csv
vision,medium,ConvNeXt-Base,Intel i7-11800H,cpu,fp32,none,224.0,,,4.0,16.0,9.91507441314165,img/s,0.42808270000386983,37.416666666666664,,3.777339426102976,,,,cpu_package,1,1,1,1,0,1,batched_load;grid,,cpu_batch_short;cpu_scaling_short;sustained_power,convnext_base_vision_medium_msi_cpu_batch_sweep.csv;convnext_base_vision_medium_msi_cpu_power.csv;convnext_base_vision_medium_msi_cpu_scaling.csv
vision,medium,ConvNeXt-Base,Intel i7-11800H,cpu,fp32,none,224.0,,,8.0,16.0,8.05301946970954,img/s,0.9934161999844946,,,,,,,,1,1,0,0,0,0,grid,,cpu_batch_short,convnext_base_vision_medium_msi_cpu_batch_sweep.csv
vision,medium,ConvNeXt-Base,Intel i7-11800H,cpu,fp32,none,224.0,,,4.0,1.0,2.304961827111311,img/s,1.4592382999835536,19.214285714285715,,8.669524703403741,,,,cpu_package,1,1,1,1,0,1,batched_load,,cpu_scaling_short;sustained_power,convnext_base_vision_medium_msi_cpu_power.csv;convnext_base_vision_medium_msi_cpu_scaling.csv
vision,medium,ConvNeXt-Base,Intel i7-11800H,cpu,fp32,none,224.0,,,4.0,2.0,4.804614928521782,img/s,0.8325329000363126,,,,,,,,1,1,0,0,0,0,batched_load,,cpu_scaling_short,convnext_base_vision_medium_msi_cpu_scaling.csv
vision,medium,ConvNeXt-Base,Intel i7-11800H,cpu,fp32,none,224.0,,,4.0,4.0,7.541429787006913,img/s,0.5304034000146203,,,,,,,,1,1,0,0,0,0,batched_load,,cpu_scaling_short,convnext_base_vision_medium_msi_cpu_scaling.csv
vision,medium,ConvNeXt-Base,Intel i7-11800H,cpu,fp32,none,224.0,,,4.0,8.0,8.046301055440159,img/s,0.40340010001091287,32.128571428571426,,3.9452931816932812,,,,cpu_package,1,1,1,1,0,1,batched_load,,cpu_scaling_short;sustained_power,convnext_base_vision_medium_msi_cpu_power.csv;convnext_base_vision_medium_msi_cpu_scaling.csv
vision,medium,ConvNeXt-Base,Intel i7-11800H,cpu,fp32,none,320.0,,,1.0,1.0,1.4603333545146688,img/s,0.6922220999840647,18.65714285714286,,12.846229152119301,,,,cpu_package,1,1,1,1,0,1,highres_single,,cpu_scaling_short;sustained_power,convnext_base_vision_medium_msi_cpu_power.csv;convnext_base_vision_medium_msi_cpu_scaling.csv
vision,medium,ConvNeXt-Base,Intel i7-11800H,cpu,fp32,none,320.0,,,1.0,16.0,4.396896461408785,img/s,0.18263589998241514,37.13333333333333,,8.455249420486599,,,,cpu_package,1,1,1,1,0,1,highres_single,,cpu_scaling_short;sustained_power,convnext_base_vision_medium_msi_cpu_power.csv;convnext_base_vision_medium_msi_cpu_scaling.csv
vision,medium,ConvNeXt-Base,Intel i7-11800H,cpu,fp32,none,320.0,,,1.0,2.0,2.408624029996448,img/s,0.41517480002949014,,,,,,,,1,1,0,0,0,0,highres_single,,cpu_scaling_short,convnext_base_vision_medium_msi_cpu_scaling.csv
vision,medium,ConvNeXt-Base,Intel i7-11800H,cpu,fp32,none,320.0,,,1.0,4.0,4.3330541399352605,img/s,0.2307841000147164,,,,,,,,1,1,0,0,0,0,highres_single,,cpu_scaling_short,convnext_base_vision_medium_msi_cpu_scaling.csv
vision,medium,ConvNeXt-Base,Intel i7-11800H,cpu,fp32,none,320.0,,,1.0,8.0,4.774440254697,img/s,0.24419989995658398,37.871428571428574,,8.037268579455388,,,,cpu_package,1,1,1,1,0,1,highres_single,,cpu_scaling_short;sustained_power,convnext_base_vision_medium_msi_cpu_power.csv;convnext_base_vision_medium_msi_cpu_scaling.csv
vision,medium,ConvNeXt-Base,RTX 3050 Laptop,cuda,fp16,none,160.0,,,1.0,,88.88923346227378,img/s,0.011430300015490502,47.69955,,0.5479313387684217,177.30078125,181.546875,412.50390625,gpu_board,1,1,1,1,1,1,grid,light,short_sweep;sustained_power,convnext_base_vision_medium_msi_cuda_power.csv;convnext_base_vision_medium_msi_cuda_sweep.csv
vision,medium,ConvNeXt-Base,RTX 3050 Laptop,cuda,fp16,none,160.0,,,16.0,,431.7975737667555,img/s,0.03705439995974302,,,,179.52685546875,244.02685546875,,,1,1,0,0,1,0,grid,,short_sweep,convnext_base_vision_medium_msi_cuda_sweep.csv
vision,medium,ConvNeXt-Base,RTX 3050 Laptop,cuda,fp16,none,160.0,,,4.0,,230.04767692725952,img/s,0.017387700034305453,,,,177.74609375,194.55859375,,,1,1,0,0,1,0,grid,,short_sweep,convnext_base_vision_medium_msi_cuda_sweep.csv
vision,medium,ConvNeXt-Base,RTX 3050 Laptop,cuda,fp16,none,224.0,,,1.0,,128.01638622220827,img/s,0.007811499992385507,,,,177.44140625,186.97265625,,,1,1,0,0,1,0,grid,,short_sweep,convnext_base_vision_medium_msi_cuda_sweep.csv
vision,medium,ConvNeXt-Base,RTX 3050 Laptop,cuda,fp16,none,224.0,,,16.0,,233.08427311028026,img/s,0.06864469998981804,,,,181.77685546875,306.27685546875,,,1,1,0,0,1,0,grid,,short_sweep,convnext_base_vision_medium_msi_cuda_sweep.csv
vision,medium,ConvNeXt-Base,RTX 3050 Laptop,cuda,fp16,none,224.0,,,4.0,,171.5447197979566,img/s,0.021934299962595105,57.51645,,0.33469003325178787,179.03515625,210.60546875,462.50390625,gpu_board,1,1,1,1,1,1,grid,medium,short_sweep;sustained_power,convnext_base_vision_medium_msi_cuda_power.csv;convnext_base_vision_medium_msi_cuda_sweep.csv
vision,medium,ConvNeXt-Base,RTX 3050 Laptop,cuda,fp16,none,320.0,,,1.0,,88.60221176631376,img/s,0.011286399967502803,,,,177.740234375,194.552734375,,,1,1,0,0,1,0,grid,,short_sweep,convnext_base_vision_medium_msi_cuda_sweep.csv
vision,medium,ConvNeXt-Base,RTX 3050 Laptop,cuda,fp16,none,320.0,,,16.0,,117.0938211060214,img/s,0.1317022000439465,57.37285714285714,,0.48854568913454544,186.55810546875,438.5888671875,812.50390625,gpu_board,1,1,1,1,1,1,grid,heavy,short_sweep;sustained_power,convnext_base_vision_medium_msi_cuda_power.csv;convnext_base_vision_medium_msi_cuda_sweep.csv
vision,medium,ConvNeXt-Base,RTX 3050 Laptop,cuda,fp16,none,320.0,,,4.0,,94.59462646810427,img/s,0.042285700037609786,,,,179.50390625,244.00390625,,,1,1,0,0,1,0,grid,,short_sweep,convnext_base_vision_medium_msi_cuda_sweep.csv
vision,medium,ConvNeXt-Base,RTX 3050 Laptop,cuda,fp32,none,160.0,,,1.0,,89.30653604354521,img/s,0.01077440002700314,57.208,,0.6361674590511361,346.37158203125,363.4033203125,588.50390625,gpu_board,1,1,1,1,1,1,grid,light,short_sweep;sustained_power,convnext_base_vision_medium_msi_cuda_power.csv;convnext_base_vision_medium_msi_cuda_sweep.csv
vision,medium,ConvNeXt-Base,RTX 3050 Laptop,cuda,fp32,none,160.0,,,16.0,,170.14506998275132,img/s,0.09403739997651428,,,,350.8232421875,475.8232421875,,,1,1,0,0,1,0,grid,,short_sweep,convnext_base_vision_medium_msi_cuda_sweep.csv
vision,medium,ConvNeXt-Base,RTX 3050 Laptop,cuda,fp32,none,160.0,,,4.0,,148.7458862985926,img/s,0.026891499990597367,,,,348.09033203125,379.34033203125,,,1,1,0,0,1,0,grid,,short_sweep,convnext_base_vision_medium_msi_cuda_sweep.csv
vision,medium,ConvNeXt-Base,RTX 3050 Laptop,cuda,fp32,none,224.0,,,1.0,,62.516410442529605,img/s,0.015995800029486418,,,,346.65283203125,364.3369140625,,,1,1,0,0,1,0,grid,,short_sweep,convnext_base_vision_medium_msi_cuda_sweep.csv
vision,medium,ConvNeXt-Base,RTX 3050 Laptop,cuda,fp32,none,224.0,,,16.0,,87.3191334456276,img/s,0.18323589995270595,,,,355.3232421875,600.3232421875,,,1,1,0,0,1,0,grid,,short_sweep,convnext_base_vision_medium_msi_cuda_sweep.csv
vision,medium,ConvNeXt-Base,RTX 3050 Laptop,cuda,fp32,none,224.0,,,4.0,,73.99512625985668,img/s,0.050553300010506064,57.4275,,0.7749887296869943,348.38720703125,409.65283203125,660.50390625,gpu_board,1,1,1,1,1,1,grid,medium,short_sweep;sustained_power,convnext_base_vision_medium_msi_cuda_power.csv;convnext_base_vision_medium_msi_cuda_sweep.csv
vision,medium,ConvNeXt-Base,RTX 3050 Laptop,cuda,fp32,none,320.0,,,1.0,,36.3882480508835,img/s,0.027481400000397116,,,,348.07861328125,379.32861328125,,,1,1,0,0,1,0,grid,,short_sweep,convnext_base_vision_medium_msi_cuda_sweep.csv
vision,medium,ConvNeXt-Base,RTX 3050 Laptop,cuda,fp32,none,320.0,,,16.0,,39.57444783570347,img/s,0.3832914000377059,57.84921739130435,,1.4624855225317632,364.8857421875,864.94677734375,1356.50390625,gpu_board,1,1,1,1,1,1,grid,heavy,short_sweep;sustained_power,convnext_base_vision_medium_msi_cuda_power.csv;convnext_base_vision_medium_msi_cuda_sweep.csv
vision,medium,ConvNeXt-Base,RTX 3050 Laptop,cuda,fp32,none,320.0,,,4.0,,41.80977804389355,img/s,0.09567140002036467,,,,350.77783203125,475.77783203125,,,1,1,0,0,1,0,grid,,short_sweep,convnext_base_vision_medium_msi_cuda_sweep.csv
