service_id,request_profile,device,backend,energy_boundary,throughput_unit,throughput_semantics,total_candidates,feasible_candidates,feasible_missing_energy,selection_status,selected_candidate,selected_energy_j_per_item,selection_scope,energy_uncertainty_status
text_easy,heavy,Apple M4,mps,combined_soc,tok/s,post_warmup_generate_call_batch_aggregate,1,0,0,NO_FEASIBLE,,,same_service_profile_device_backend_energy_boundary_only,not_statistically_evaluated
text_easy,heavy,RTX 3050 Laptop,cuda,gpu_board,tok/s,post_warmup_generate_call_batch_aggregate,1,0,0,NO_FEASIBLE,,,same_service_profile_device_backend_energy_boundary_only,not_statistically_evaluated
text_easy,light,Apple M4,mps,combined_soc,tok/s,post_warmup_generate_call_batch_aggregate,1,0,0,NO_FEASIBLE,,,same_service_profile_device_backend_energy_boundary_only,not_statistically_evaluated
text_easy,light,RTX 3050 Laptop,cuda,gpu_board,tok/s,post_warmup_generate_call_batch_aggregate,1,0,0,NO_FEASIBLE,,,same_service_profile_device_backend_energy_boundary_only,not_statistically_evaluated
text_easy,medium,Apple M4,mps,combined_soc,tok/s,post_warmup_generate_call_batch_aggregate,1,0,0,NO_FEASIBLE,,,same_service_profile_device_backend_energy_boundary_only,not_statistically_evaluated
text_easy,medium,RTX 3050 Laptop,cuda,gpu_board,tok/s,post_warmup_generate_call_batch_aggregate,1,0,0,NO_FEASIBLE,,,same_service_profile_device_backend_energy_boundary_only,not_statistically_evaluated
text_hard,heavy,Apple M4,llama.cpp/metal,combined_soc,tok/s,generation_phase_s_tg,1,0,0,NO_FEASIBLE,,,same_service_profile_device_backend_energy_boundary_only,not_statistically_evaluated
text_hard,heavy,RTX 3050 Laptop,llama.cpp/cuda,gpu_board,tok/s,generation_phase_s_tg,1,0,0,NO_FEASIBLE,,,same_service_profile_device_backend_energy_boundary_only,not_statistically_evaluated
text_hard,light,Apple M4,llama.cpp/metal,combined_soc,tok/s,generation_phase_s_tg,1,0,0,NO_FEASIBLE,,,same_service_profile_device_backend_energy_boundary_only,not_statistically_evaluated
text_hard,light,RTX 3050 Laptop,llama.cpp/cuda,gpu_board,tok/s,generation_phase_s_tg,1,0,0,NO_FEASIBLE,,,same_service_profile_device_backend_energy_boundary_only,not_statistically_evaluated
text_hard,medium,Apple M4,llama.cpp/metal,combined_soc,tok/s,generation_phase_s_tg,1,0,0,NO_FEASIBLE,,,same_service_profile_device_backend_energy_boundary_only,not_statistically_evaluated
text_hard,medium,RTX 3050 Laptop,llama.cpp/cuda,gpu_board,tok/s,generation_phase_s_tg,1,0,0,NO_FEASIBLE,,,same_service_profile_device_backend_energy_boundary_only,not_statistically_evaluated
text_medium,heavy,Apple M4,mps,combined_soc,tok/s,post_warmup_generate_call_batch_aggregate,1,0,0,NO_FEASIBLE,,,same_service_profile_device_backend_energy_boundary_only,not_statistically_evaluated
text_medium,heavy,RTX 3050 Laptop,cuda,gpu_board,tok/s,post_warmup_generate_call_batch_aggregate,1,0,0,NO_FEASIBLE,,,same_service_profile_device_backend_energy_boundary_only,not_statistically_evaluated
text_medium,light,Apple M4,mps,combined_soc,tok/s,post_warmup_generate_call_batch_aggregate,1,0,0,NO_FEASIBLE,,,same_service_profile_device_backend_energy_boundary_only,not_statistically_evaluated
text_medium,light,RTX 3050 Laptop,cuda,gpu_board,tok/s,post_warmup_generate_call_batch_aggregate,1,0,0,NO_FEASIBLE,,,same_service_profile_device_backend_energy_boundary_only,not_statistically_evaluated
text_medium,medium,Apple M4,mps,combined_soc,tok/s,post_warmup_generate_call_batch_aggregate,1,0,0,NO_FEASIBLE,,,same_service_profile_device_backend_energy_boundary_only,not_statistically_evaluated
text_medium,medium,RTX 3050 Laptop,cuda,gpu_board,tok/s,post_warmup_generate_call_batch_aggregate,1,0,0,NO_FEASIBLE,,,same_service_profile_device_backend_energy_boundary_only,not_statistically_evaluated
vision_easy,heavy,Apple M4,mps,combined_soc,img/s,post_warmup_batch_aggregate,2,0,0,NO_FEASIBLE,,,same_service_profile_device_backend_energy_boundary_only,not_statistically_evaluated
vision_easy,heavy,RTX 3050 Laptop,cuda,gpu_board,img/s,post_warmup_batch_aggregate,2,0,0,NO_FEASIBLE,,,same_service_profile_device_backend_energy_boundary_only,not_statistically_evaluated
vision_easy,light,Apple M4,mps,combined_soc,img/s,post_warmup_batch_aggregate,2,0,0,NO_FEASIBLE,,,same_service_profile_device_backend_energy_boundary_only,not_statistically_evaluated
vision_easy,light,RTX 3050 Laptop,cuda,gpu_board,img/s,post_warmup_batch_aggregate,2,0,0,NO_FEASIBLE,,,same_service_profile_device_backend_energy_boundary_only,not_statistically_evaluated
vision_easy,medium,Apple M4,mps,combined_soc,img/s,post_warmup_batch_aggregate,2,0,0,NO_FEASIBLE,,,same_service_profile_device_backend_energy_boundary_only,not_statistically_evaluated
vision_easy,medium,RTX 3050 Laptop,cuda,gpu_board,img/s,post_warmup_batch_aggregate,2,0,0,NO_FEASIBLE,,,same_service_profile_device_backend_energy_boundary_only,not_statistically_evaluated
vision_hard,heavy,Apple M4,mps,combined_soc,img/s,post_warmup_batch_aggregate,2,0,0,NO_FEASIBLE,,,same_service_profile_device_backend_energy_boundary_only,not_statistically_evaluated
vision_hard,heavy,RTX 3050 Laptop,cuda,gpu_board,img/s,post_warmup_batch_aggregate,2,0,0,NO_FEASIBLE,,,same_service_profile_device_backend_energy_boundary_only,not_statistically_evaluated
vision_hard,light,Apple M4,mps,combined_soc,img/s,post_warmup_batch_aggregate,2,0,0,NO_FEASIBLE,,,same_service_profile_device_backend_energy_boundary_only,not_statistically_evaluated
vision_hard,light,RTX 3050 Laptop,cuda,gpu_board,img/s,post_warmup_batch_aggregate,2,0,0,NO_FEASIBLE,,,same_service_profile_device_backend_energy_boundary_only,not_statistically_evaluated
vision_hard,medium,Apple M4,mps,combined_soc,img/s,post_warmup_batch_aggregate,2,0,0,NO_FEASIBLE,,,same_service_profile_device_backend_energy_boundary_only,not_statistically_evaluated
vision_hard,medium,RTX 3050 Laptop,cuda,gpu_board,img/s,post_warmup_batch_aggregate,2,0,0,NO_FEASIBLE,,,same_service_profile_device_backend_energy_boundary_only,not_statistically_evaluated
vision_medium,heavy,Apple M4,mps,combined_soc,img/s,post_warmup_batch_aggregate,2,0,0,NO_FEASIBLE,,,same_service_profile_device_backend_energy_boundary_only,not_statistically_evaluated
vision_medium,heavy,RTX 3050 Laptop,cuda,gpu_board,img/s,post_warmup_batch_aggregate,2,0,0,NO_FEASIBLE,,,same_service_profile_device_backend_energy_boundary_only,not_statistically_evaluated
vision_medium,light,Apple M4,mps,combined_soc,img/s,post_warmup_batch_aggregate,2,0,0,NO_FEASIBLE,,,same_service_profile_device_backend_energy_boundary_only,not_statistically_evaluated
vision_medium,light,RTX 3050 Laptop,cuda,gpu_board,img/s,post_warmup_batch_aggregate,2,0,0,NO_FEASIBLE,,,same_service_profile_device_backend_energy_boundary_only,not_statistically_evaluated
vision_medium,medium,Apple M4,mps,combined_soc,img/s,post_warmup_batch_aggregate,2,0,0,NO_FEASIBLE,,,same_service_profile_device_backend_energy_boundary_only,not_statistically_evaluated
vision_medium,medium,Intel i7-11800H,cpu,cpu_package,img/s,post_warmup_batch_aggregate,3,0,0,NO_FEASIBLE,,,same_service_profile_device_backend_energy_boundary_only,not_statistically_evaluated
vision_medium,medium,RTX 3050 Laptop,cuda,gpu_board,img/s,post_warmup_batch_aggregate,2,0,0,NO_FEASIBLE,,,same_service_profile_device_backend_energy_boundary_only,not_statistically_evaluated
