service_id,request_profile,throughput_semantics,latency_semantics,modality,difficulty,model,device,backend,precision,quantization,resolution,context_tokens,output_tokens,batch,threads,throughput,throughput_unit,latency_sec,power_w,energy_per_run_j,energy_per_item_j,memory_allocated_mb,memory_peak_mb,device_memory_used_mb,energy_boundary,has_latency,has_throughput,has_power,has_energy,has_memory,scheduler_core,workloads,profiles,measurement_modes,source_files,process_peak_rss_mib_median,process_peak_rss_mib_max,macos_peak_footprint_mib_max,windows_peak_working_set_mib_median,windows_peak_working_set_mib_max,windows_sampled_private_commit_mib_max,memory_observation_count,memory_source_files,has_any_memory_observation,quality_evidence_status,quality_reference_scope,quality_evidence_metrics,quality_evidence_sources,quality_evaluation_datasets,quality_application_gate,throughput_gate,latency_gate,memory_gate,quality_gate,memory_metric_used,memory_observed_mib,memory_budget_mib,feasibility_status
vision_easy,light,post_warmup_batch_aggregate,batch_inference_completion,vision,easy,ResNet50,Apple M4,mps,fp16,none,160.0,,,1.0,,111.82478401544962,img/s,0.00834216700241086,6.158436363636364,0.055072195469525964,0.055072195469525964,49.041748046875,,,combined_soc,1,1,1,1,1,1,grid,light,short_sweep;sustained_power,resnet50_vision_easy_mps_power_500ms.csv;resnet50_vision_easy_mps_sweep.csv,,,,,,,,,True,SUPPORTED,same_device_backend_precision;evaluated_resolution=224;request_resolution=160;evaluation_batch=16;request_batch=1;deployment_preprocessing_not_verified,top1_accuracy_pct;top5_accuracy_pct,resnet50_imagenetv2_quality_mac_summary.csv,imagenetv2_matched_frequency,NOT_ASSESSED,NOT_CONFIGURED,NOT_CONFIGURED,NOT_CONFIGURED,NOT_CONFIGURED,memory_allocated_mb,49.041748046875,,UNVERIFIED
vision_easy,light,post_warmup_batch_aggregate,batch_inference_completion,vision,easy,ResNet50,Apple M4,mps,fp32,none,160.0,,,1.0,,100.57879226429233,img/s,0.011162875500303926,5.330981818181818,0.0524289314603751,0.0524289314603751,98.0634765625,,,combined_soc,1,1,1,1,1,1,grid,light,short_sweep;sustained_power,resnet50_vision_easy_mps_power_500ms.csv;resnet50_vision_easy_mps_sweep.csv,,,,,,,,,True,SUPPORTED,same_device_backend_precision;evaluated_resolution=224;request_resolution=160;evaluation_batch=16;request_batch=1;deployment_preprocessing_not_verified,top1_accuracy_pct;top5_accuracy_pct,resnet50_imagenetv2_quality_mac_summary.csv,imagenetv2_matched_frequency,NOT_ASSESSED,NOT_CONFIGURED,NOT_CONFIGURED,NOT_CONFIGURED,NOT_CONFIGURED,memory_allocated_mb,98.0634765625,,UNVERIFIED
vision_easy,light,post_warmup_batch_aggregate,batch_inference_completion,vision,easy,ResNet50,RTX 3050 Laptop,cuda,fp16,none,160.0,,,1.0,,113.18420174905862,img/s,0.00795990000187885,24.357733333333332,0.2122157997063355,0.2122157997063355,,62.92919921875,298.50390625,gpu_board,1,1,1,1,1,1,grid,light,short_sweep;sustained_power,resnet50_vision_easy_msi_cuda_power.csv;resnet50_vision_easy_msi_cuda_sweep.csv,,,,,,,,,True,SUPPORTED,same_device_backend_precision;evaluated_resolution=224;request_resolution=160;evaluation_batch=16;request_batch=1;deployment_preprocessing_not_verified,top1_accuracy_pct;top5_accuracy_pct,resnet50_imagenetv2_quality_msi_summary.csv,imagenetv2_matched_frequency,NOT_ASSESSED,NOT_CONFIGURED,NOT_CONFIGURED,NOT_CONFIGURED,NOT_CONFIGURED,device_memory_used_mb,298.50390625,,UNVERIFIED
vision_easy,light,post_warmup_batch_aggregate,batch_inference_completion,vision,easy,ResNet50,RTX 3050 Laptop,cuda,fp32,none,160.0,,,1.0,,157.4889967688537,img/s,0.007523000007495284,51.57791666666667,0.32750171583331295,0.32750171583331295,,116.1640625,358.50390625,gpu_board,1,1,1,1,1,1,grid,light,short_sweep;sustained_power,resnet50_vision_easy_msi_cuda_power.csv;resnet50_vision_easy_msi_cuda_sweep.csv,,,,,,,,,True,SUPPORTED,same_device_backend_precision;evaluated_resolution=224;request_resolution=160;evaluation_batch=16;request_batch=1;deployment_preprocessing_not_verified,top1_accuracy_pct;top5_accuracy_pct,resnet50_imagenetv2_quality_msi_summary.csv,imagenetv2_matched_frequency,NOT_ASSESSED,NOT_CONFIGURED,NOT_CONFIGURED,NOT_CONFIGURED,NOT_CONFIGURED,device_memory_used_mb,358.50390625,,UNVERIFIED
vision_easy,medium,post_warmup_batch_aggregate,batch_inference_completion,vision,easy,ResNet50,Apple M4,mps,fp16,none,224.0,,,4.0,,180.20101968747855,img/s,0.023604771002283087,11.633581818181819,0.2582356490181435,0.06455891225453587,50.426513671875,,,combined_soc,1,1,1,1,1,1,grid,medium,short_sweep;sustained_power,resnet50_vision_easy_mps_power_500ms.csv;resnet50_vision_easy_mps_sweep.csv,,,,,,,,,True,SUPPORTED,same_device_backend_precision;evaluated_resolution=224;request_resolution=224;evaluation_batch=16;request_batch=4;deployment_preprocessing_not_verified,top1_accuracy_pct;top5_accuracy_pct,resnet50_imagenetv2_quality_mac_summary.csv,imagenetv2_matched_frequency,NOT_ASSESSED,NOT_CONFIGURED,NOT_CONFIGURED,NOT_CONFIGURED,NOT_CONFIGURED,memory_allocated_mb,50.426513671875,,UNVERIFIED
vision_easy,medium,post_warmup_batch_aggregate,batch_inference_completion,vision,easy,ResNet50,Apple M4,mps,fp32,none,224.0,,,4.0,,134.80882222003402,img/s,0.028718708501401125,11.237218181818182,0.33269092296514413,0.08317273074128603,100.8330078125,,,combined_soc,1,1,1,1,1,1,grid,medium,short_sweep;sustained_power,resnet50_vision_easy_mps_power_500ms.csv;resnet50_vision_easy_mps_sweep.csv,,,,,,,,,True,SUPPORTED,same_device_backend_precision;evaluated_resolution=224;request_resolution=224;evaluation_batch=16;request_batch=4;deployment_preprocessing_not_verified,top1_accuracy_pct;top5_accuracy_pct,resnet50_imagenetv2_quality_mac_summary.csv,imagenetv2_matched_frequency,NOT_ASSESSED,NOT_CONFIGURED,NOT_CONFIGURED,NOT_CONFIGURED,NOT_CONFIGURED,memory_allocated_mb,100.8330078125,,UNVERIFIED
vision_easy,medium,post_warmup_batch_aggregate,batch_inference_completion,vision,easy,ResNet50,RTX 3050 Laptop,cuda,fp16,none,224.0,,,4.0,,407.27653183315806,img/s,0.008959500002674758,59.769133333333336,0.5870127901974762,0.14675319754936905,,80.57958984375,318.50390625,gpu_board,1,1,1,1,1,1,grid,medium,short_sweep;sustained_power,resnet50_vision_easy_msi_cuda_power.csv;resnet50_vision_easy_msi_cuda_sweep.csv,,,,,,,,,True,SUPPORTED,same_device_backend_precision;evaluated_resolution=224;request_resolution=224;evaluation_batch=16;request_batch=4;deployment_preprocessing_not_verified,top1_accuracy_pct;top5_accuracy_pct,resnet50_imagenetv2_quality_msi_summary.csv,imagenetv2_matched_frequency,NOT_ASSESSED,NOT_CONFIGURED,NOT_CONFIGURED,NOT_CONFIGURED,NOT_CONFIGURED,device_memory_used_mb,318.50390625,,UNVERIFIED
vision_easy,medium,post_warmup_batch_aggregate,batch_inference_completion,vision,easy,ResNet50,RTX 3050 Laptop,cuda,fp32,none,224.0,,,4.0,,266.0714123074504,img/s,0.014498549993732013,59.903666666666666,0.9005652452048759,0.22514131130121898,,148.22802734375,392.50390625,gpu_board,1,1,1,1,1,1,grid,medium,short_sweep;sustained_power,resnet50_vision_easy_msi_cuda_power.csv;resnet50_vision_easy_msi_cuda_sweep.csv,,,,,,,,,True,SUPPORTED,same_device_backend_precision;evaluated_resolution=224;request_resolution=224;evaluation_batch=16;request_batch=4;deployment_preprocessing_not_verified,top1_accuracy_pct;top5_accuracy_pct,resnet50_imagenetv2_quality_msi_summary.csv,imagenetv2_matched_frequency,NOT_ASSESSED,NOT_CONFIGURED,NOT_CONFIGURED,NOT_CONFIGURED,NOT_CONFIGURED,device_memory_used_mb,392.50390625,,UNVERIFIED
vision_easy,heavy,post_warmup_batch_aggregate,batch_inference_completion,vision,easy,ResNet50,Apple M4,mps,fp16,none,320.0,,,16.0,,121.70649260662357,img/s,0.13315460400190204,13.679327272727273,1.7981239472351298,0.11238274670219561,58.395263671875,,,combined_soc,1,1,1,1,1,1,grid,heavy,short_sweep;sustained_power,resnet50_vision_easy_mps_power_500ms.csv;resnet50_vision_easy_mps_sweep.csv,,,,,,,,,True,SUPPORTED,same_device_backend_precision;evaluated_resolution=224;request_resolution=320;evaluation_batch=16;request_batch=16;deployment_preprocessing_not_verified,top1_accuracy_pct;top5_accuracy_pct,resnet50_imagenetv2_quality_mac_summary.csv,imagenetv2_matched_frequency,NOT_ASSESSED,NOT_CONFIGURED,NOT_CONFIGURED,NOT_CONFIGURED,NOT_CONFIGURED,memory_allocated_mb,58.395263671875,,UNVERIFIED
vision_easy,heavy,post_warmup_batch_aggregate,batch_inference_completion,vision,easy,ResNet50,Apple M4,mps,fp32,none,320.0,,,16.0,,85.09826827607505,img/s,0.18908347899923683,13.765709090909091,2.5843059123957413,0.16151911952473383,116.7705078125,,,combined_soc,1,1,1,1,1,1,grid,heavy,short_sweep;sustained_power,resnet50_vision_easy_mps_power_500ms.csv;resnet50_vision_easy_mps_sweep.csv,,,,,,,,,True,SUPPORTED,same_device_backend_precision;evaluated_resolution=224;request_resolution=320;evaluation_batch=16;request_batch=16;deployment_preprocessing_not_verified,top1_accuracy_pct;top5_accuracy_pct,resnet50_imagenetv2_quality_mac_summary.csv,imagenetv2_matched_frequency,NOT_ASSESSED,NOT_CONFIGURED,NOT_CONFIGURED,NOT_CONFIGURED,NOT_CONFIGURED,memory_allocated_mb,116.7705078125,,UNVERIFIED
vision_easy,heavy,post_warmup_batch_aggregate,batch_inference_completion,vision,easy,ResNet50,RTX 3050 Laptop,cuda,fp16,none,320.0,,,16.0,,281.4824294804761,img/s,0.05547829998249654,59.85434426229508,3.398257742930987,0.2123911089331867,,243.0166015625,572.50390625,gpu_board,1,1,1,1,1,1,grid,heavy,short_sweep;sustained_power,resnet50_vision_easy_msi_cuda_power.csv;resnet50_vision_easy_msi_cuda_sweep.csv,,,,,,,,,True,SUPPORTED,same_device_backend_precision;evaluated_resolution=224;request_resolution=320;evaluation_batch=16;request_batch=16;deployment_preprocessing_not_verified,top1_accuracy_pct;top5_accuracy_pct,resnet50_imagenetv2_quality_msi_summary.csv,imagenetv2_matched_frequency,NOT_ASSESSED,NOT_CONFIGURED,NOT_CONFIGURED,NOT_CONFIGURED,NOT_CONFIGURED,device_memory_used_mb,572.50390625,,UNVERIFIED
vision_easy,heavy,post_warmup_batch_aggregate,batch_inference_completion,vision,easy,ResNet50,RTX 3050 Laptop,cuda,fp32,none,320.0,,,16.0,,158.04288208919743,img/s,0.09900845000811387,59.43372131147541,6.029127140122722,0.37682044625767014,,449.66552734375,858.50390625,gpu_board,1,1,1,1,1,1,grid,heavy,short_sweep;sustained_power,resnet50_vision_easy_msi_cuda_power.csv;resnet50_vision_easy_msi_cuda_sweep.csv,,,,,,,,,True,SUPPORTED,same_device_backend_precision;evaluated_resolution=224;request_resolution=320;evaluation_batch=16;request_batch=16;deployment_preprocessing_not_verified,top1_accuracy_pct;top5_accuracy_pct,resnet50_imagenetv2_quality_msi_summary.csv,imagenetv2_matched_frequency,NOT_ASSESSED,NOT_CONFIGURED,NOT_CONFIGURED,NOT_CONFIGURED,NOT_CONFIGURED,device_memory_used_mb,858.50390625,,UNVERIFIED
vision_medium,light,post_warmup_batch_aggregate,batch_inference_completion,vision,medium,ConvNeXt-Base,Apple M4,mps,fp16,none,160.0,,,1.0,,78.29029702869214,img/s,0.014320125002996065,12.125789473684211,0.1560310270403348,0.1560310270403348,169.138916015625,,,combined_soc,1,1,1,1,1,1,grid,light,short_sweep;sustained_power,convnext_base_vision_medium_mac_mps_power.csv;convnext_base_vision_medium_mac_mps_sweep.csv,,,,,,,,,True,SUPPORTED,same_device_backend_precision;evaluated_resolution=224;request_resolution=160;evaluation_batch=8;request_batch=1;deployment_preprocessing_not_verified,top1_accuracy_pct;top5_accuracy_pct,convnext_base_imagenetv2_quality_mac_summary.csv,imagenetv2_matched_frequency,NOT_ASSESSED,NOT_CONFIGURED,NOT_CONFIGURED,NOT_CONFIGURED,NOT_CONFIGURED,memory_allocated_mb,169.138916015625,,UNVERIFIED
vision_medium,light,post_warmup_batch_aggregate,batch_inference_completion,vision,medium,ConvNeXt-Base,Apple M4,mps,fp32,none,160.0,,,1.0,,69.18263861682591,img/s,0.014756499993382022,11.616947368421053,0.1676893855234666,0.1676893855234666,338.34033203125,,,combined_soc,1,1,1,1,1,1,grid,light,short_sweep;sustained_power,convnext_base_vision_medium_mac_mps_power.csv;convnext_base_vision_medium_mac_mps_sweep.csv,,,,,,,,,True,SUPPORTED,same_device_backend_precision;evaluated_resolution=224;request_resolution=160;evaluation_batch=8;request_batch=1;deployment_preprocessing_not_verified,top1_accuracy_pct;top5_accuracy_pct,convnext_base_imagenetv2_quality_mac_summary.csv,imagenetv2_matched_frequency,NOT_ASSESSED,NOT_CONFIGURED,NOT_CONFIGURED,NOT_CONFIGURED,NOT_CONFIGURED,memory_allocated_mb,338.34033203125,,UNVERIFIED
vision_medium,light,post_warmup_batch_aggregate,batch_inference_completion,vision,medium,ConvNeXt-Base,RTX 3050 Laptop,cuda,fp16,none,160.0,,,1.0,,88.88923346227378,img/s,0.011430300015490502,47.69955,,0.5479313387684217,177.30078125,181.546875,412.50390625,gpu_board,1,1,1,1,1,1,grid,light,short_sweep;sustained_power,convnext_base_vision_medium_msi_cuda_power.csv;convnext_base_vision_medium_msi_cuda_sweep.csv,,,,,,,,,True,SUPPORTED,same_device_backend_precision;evaluated_resolution=224;request_resolution=160;evaluation_batch=8;request_batch=1;deployment_preprocessing_not_verified,top1_accuracy_pct;top5_accuracy_pct,convnext_base_imagenetv2_quality_msi_summary.csv,imagenetv2_matched_frequency,NOT_ASSESSED,NOT_CONFIGURED,NOT_CONFIGURED,NOT_CONFIGURED,NOT_CONFIGURED,device_memory_used_mb,412.50390625,,UNVERIFIED
vision_medium,light,post_warmup_batch_aggregate,batch_inference_completion,vision,medium,ConvNeXt-Base,RTX 3050 Laptop,cuda,fp32,none,160.0,,,1.0,,89.30653604354521,img/s,0.01077440002700314,57.208,,0.6361674590511361,346.37158203125,363.4033203125,588.50390625,gpu_board,1,1,1,1,1,1,grid,light,short_sweep;sustained_power,convnext_base_vision_medium_msi_cuda_power.csv;convnext_base_vision_medium_msi_cuda_sweep.csv,,,,,,,,,True,SUPPORTED,same_device_backend_precision;evaluated_resolution=224;request_resolution=160;evaluation_batch=8;request_batch=1;deployment_preprocessing_not_verified,top1_accuracy_pct;top5_accuracy_pct,convnext_base_imagenetv2_quality_msi_summary.csv,imagenetv2_matched_frequency,NOT_ASSESSED,NOT_CONFIGURED,NOT_CONFIGURED,NOT_CONFIGURED,NOT_CONFIGURED,device_memory_used_mb,588.50390625,,UNVERIFIED
vision_medium,medium,post_warmup_batch_aggregate,batch_inference_completion,vision,medium,ConvNeXt-Base,Apple M4,mps,fp16,none,224.0,,,4.0,,64.56201814389257,img/s,0.05834408299415372,13.779473684210526,0.8622681919751574,0.21556704799378934,170.560791015625,,,combined_soc,1,1,1,1,1,1,grid,medium,short_sweep;sustained_power,convnext_base_vision_medium_mac_mps_power.csv;convnext_base_vision_medium_mac_mps_sweep.csv,,,,,,,,,True,SUPPORTED,same_device_backend_precision;evaluated_resolution=224;request_resolution=224;evaluation_batch=8;request_batch=4;deployment_preprocessing_not_verified,top1_accuracy_pct;top5_accuracy_pct,convnext_base_imagenetv2_quality_mac_summary.csv,imagenetv2_matched_frequency,NOT_ASSESSED,NOT_CONFIGURED,NOT_CONFIGURED,NOT_CONFIGURED,NOT_CONFIGURED,memory_allocated_mb,170.560791015625,,UNVERIFIED
vision_medium,medium,post_warmup_batch_aggregate,batch_inference_completion,vision,medium,ConvNeXt-Base,Apple M4,mps,fp32,none,224.0,,,4.0,,58.10033234858752,img/s,0.06932574999518692,15.550894736842105,1.0832204897293898,0.27080512243234744,341.183837890625,,,combined_soc,1,1,1,1,1,1,grid,medium,short_sweep;sustained_power,convnext_base_vision_medium_mac_mps_power.csv;convnext_base_vision_medium_mac_mps_sweep.csv,,,,,,,,,True,SUPPORTED,same_device_backend_precision;evaluated_resolution=224;request_resolution=224;evaluation_batch=8;request_batch=4;deployment_preprocessing_not_verified,top1_accuracy_pct;top5_accuracy_pct,convnext_base_imagenetv2_quality_mac_summary.csv,imagenetv2_matched_frequency,NOT_ASSESSED,NOT_CONFIGURED,NOT_CONFIGURED,NOT_CONFIGURED,NOT_CONFIGURED,memory_allocated_mb,341.183837890625,,UNVERIFIED
vision_medium,medium,post_warmup_batch_aggregate,batch_inference_completion,vision,medium,ConvNeXt-Base,Intel i7-11800H,cpu,fp32,none,224.0,,,4.0,16.0,9.91507441314165,img/s,0.42808270000386983,37.416666666666664,,3.777339426102976,,,,cpu_package,1,1,1,1,0,1,batched_load;grid,,cpu_batch_short;cpu_scaling_short;sustained_power,convnext_base_vision_medium_msi_cpu_batch_sweep.csv;convnext_base_vision_medium_msi_cpu_power.csv;convnext_base_vision_medium_msi_cpu_scaling.csv,,,,1315.58984375,1315.70703125,2398.87109375,3,results/convnext_base_vision_medium_msi_cpu_memory.csv,True,CONDITIONAL,cross_device_or_backend_reference;evaluated_resolution=224;request_resolution=224;request_batch=4,top1_accuracy_pct;top5_accuracy_pct,convnext_base_imagenetv2_quality_mac_summary.csv;convnext_base_imagenetv2_quality_msi_summary.csv,imagenetv2_matched_frequency,NOT_ASSESSED,NOT_CONFIGURED,NOT_CONFIGURED,NOT_CONFIGURED,NOT_CONFIGURED,windows_peak_working_set_mib_max,1315.70703125,,UNVERIFIED
vision_medium,medium,post_warmup_batch_aggregate,batch_inference_completion,vision,medium,ConvNeXt-Base,Intel i7-11800H,cpu,fp32,none,224.0,,,4.0,1.0,2.304961827111311,img/s,1.4592382999835536,19.214285714285715,,8.669524703403741,,,,cpu_package,1,1,1,1,0,1,batched_load,,cpu_scaling_short;sustained_power,convnext_base_vision_medium_msi_cpu_power.csv;convnext_base_vision_medium_msi_cpu_scaling.csv,,,,1281.84375,1287.7890625,2386.875,3,results/convnext_base_vision_medium_msi_cpu_memory.csv,True,CONDITIONAL,cross_device_or_backend_reference;evaluated_resolution=224;request_resolution=224;request_batch=4,top1_accuracy_pct;top5_accuracy_pct,convnext_base_imagenetv2_quality_mac_summary.csv;convnext_base_imagenetv2_quality_msi_summary.csv,imagenetv2_matched_frequency,NOT_ASSESSED,NOT_CONFIGURED,NOT_CONFIGURED,NOT_CONFIGURED,NOT_CONFIGURED,windows_peak_working_set_mib_max,1287.7890625,,UNVERIFIED
vision_medium,medium,post_warmup_batch_aggregate,batch_inference_completion,vision,medium,ConvNeXt-Base,Intel i7-11800H,cpu,fp32,none,224.0,,,4.0,8.0,8.046301055440159,img/s,0.40340010001091287,32.128571428571426,,3.9452931816932812,,,,cpu_package,1,1,1,1,0,1,batched_load,,cpu_scaling_short;sustained_power,convnext_base_vision_medium_msi_cpu_power.csv;convnext_base_vision_medium_msi_cpu_scaling.csv,,,,1305.671875,1305.9453125,2391.3203125,3,results/convnext_base_vision_medium_msi_cpu_memory.csv,True,CONDITIONAL,cross_device_or_backend_reference;evaluated_resolution=224;request_resolution=224;request_batch=4,top1_accuracy_pct;top5_accuracy_pct,convnext_base_imagenetv2_quality_mac_summary.csv;convnext_base_imagenetv2_quality_msi_summary.csv,imagenetv2_matched_frequency,NOT_ASSESSED,NOT_CONFIGURED,NOT_CONFIGURED,NOT_CONFIGURED,NOT_CONFIGURED,windows_peak_working_set_mib_max,1305.9453125,,UNVERIFIED
vision_medium,medium,post_warmup_batch_aggregate,batch_inference_completion,vision,medium,ConvNeXt-Base,RTX 3050 Laptop,cuda,fp16,none,224.0,,,4.0,,171.5447197979566,img/s,0.021934299962595105,57.51645,,0.33469003325178787,179.03515625,210.60546875,462.50390625,gpu_board,1,1,1,1,1,1,grid,medium,short_sweep;sustained_power,convnext_base_vision_medium_msi_cuda_power.csv;convnext_base_vision_medium_msi_cuda_sweep.csv,,,,,,,,,True,SUPPORTED,same_device_backend_precision;evaluated_resolution=224;request_resolution=224;evaluation_batch=8;request_batch=4;deployment_preprocessing_not_verified,top1_accuracy_pct;top5_accuracy_pct,convnext_base_imagenetv2_quality_msi_summary.csv,imagenetv2_matched_frequency,NOT_ASSESSED,NOT_CONFIGURED,NOT_CONFIGURED,NOT_CONFIGURED,NOT_CONFIGURED,device_memory_used_mb,462.50390625,,UNVERIFIED
vision_medium,medium,post_warmup_batch_aggregate,batch_inference_completion,vision,medium,ConvNeXt-Base,RTX 3050 Laptop,cuda,fp32,none,224.0,,,4.0,,73.99512625985668,img/s,0.050553300010506064,57.4275,,0.7749887296869943,348.38720703125,409.65283203125,660.50390625,gpu_board,1,1,1,1,1,1,grid,medium,short_sweep;sustained_power,convnext_base_vision_medium_msi_cuda_power.csv;convnext_base_vision_medium_msi_cuda_sweep.csv,,,,,,,,,True,SUPPORTED,same_device_backend_precision;evaluated_resolution=224;request_resolution=224;evaluation_batch=8;request_batch=4;deployment_preprocessing_not_verified,top1_accuracy_pct;top5_accuracy_pct,convnext_base_imagenetv2_quality_msi_summary.csv,imagenetv2_matched_frequency,NOT_ASSESSED,NOT_CONFIGURED,NOT_CONFIGURED,NOT_CONFIGURED,NOT_CONFIGURED,device_memory_used_mb,660.50390625,,UNVERIFIED
vision_medium,heavy,post_warmup_batch_aggregate,batch_inference_completion,vision,medium,ConvNeXt-Base,Apple M4,mps,fp16,none,320.0,,,16.0,,32.6068897327798,img/s,0.4398439579963451,14.264904761904763,6.899934652151993,0.43124591575949955,178.52099609375,,,combined_soc,1,1,1,1,1,1,grid,heavy,short_sweep;sustained_power,convnext_base_vision_medium_mac_mps_power.csv;convnext_base_vision_medium_mac_mps_sweep.csv,,,,,,,,,True,SUPPORTED,same_device_backend_precision;evaluated_resolution=224;request_resolution=320;evaluation_batch=8;request_batch=16;deployment_preprocessing_not_verified,top1_accuracy_pct;top5_accuracy_pct,convnext_base_imagenetv2_quality_mac_summary.csv,imagenetv2_matched_frequency,NOT_ASSESSED,NOT_CONFIGURED,NOT_CONFIGURED,NOT_CONFIGURED,NOT_CONFIGURED,memory_allocated_mb,178.52099609375,,UNVERIFIED
vision_medium,heavy,post_warmup_batch_aggregate,batch_inference_completion,vision,medium,ConvNeXt-Base,Apple M4,mps,fp32,none,320.0,,,16.0,,27.787943072911855,img/s,0.5537782920000609,14.36109090909091,8.33228543806128,0.52076783987883,357.1044921875,,,combined_soc,1,1,1,1,1,1,grid,heavy,short_sweep;sustained_power,convnext_base_vision_medium_mac_mps_power.csv;convnext_base_vision_medium_mac_mps_sweep.csv,,,,,,,,,True,SUPPORTED,same_device_backend_precision;evaluated_resolution=224;request_resolution=320;evaluation_batch=8;request_batch=16;deployment_preprocessing_not_verified,top1_accuracy_pct;top5_accuracy_pct,convnext_base_imagenetv2_quality_mac_summary.csv,imagenetv2_matched_frequency,NOT_ASSESSED,NOT_CONFIGURED,NOT_CONFIGURED,NOT_CONFIGURED,NOT_CONFIGURED,memory_allocated_mb,357.1044921875,,UNVERIFIED
vision_medium,heavy,post_warmup_batch_aggregate,batch_inference_completion,vision,medium,ConvNeXt-Base,RTX 3050 Laptop,cuda,fp16,none,320.0,,,16.0,,117.0938211060214,img/s,0.1317022000439465,57.37285714285714,,0.48854568913454544,186.55810546875,438.5888671875,812.50390625,gpu_board,1,1,1,1,1,1,grid,heavy,short_sweep;sustained_power,convnext_base_vision_medium_msi_cuda_power.csv;convnext_base_vision_medium_msi_cuda_sweep.csv,,,,,,,,,True,SUPPORTED,same_device_backend_precision;evaluated_resolution=224;request_resolution=320;evaluation_batch=8;request_batch=16;deployment_preprocessing_not_verified,top1_accuracy_pct;top5_accuracy_pct,convnext_base_imagenetv2_quality_msi_summary.csv,imagenetv2_matched_frequency,NOT_ASSESSED,NOT_CONFIGURED,NOT_CONFIGURED,NOT_CONFIGURED,NOT_CONFIGURED,device_memory_used_mb,812.50390625,,UNVERIFIED
vision_medium,heavy,post_warmup_batch_aggregate,batch_inference_completion,vision,medium,ConvNeXt-Base,RTX 3050 Laptop,cuda,fp32,none,320.0,,,16.0,,39.57444783570347,img/s,0.3832914000377059,57.84921739130435,,1.4624855225317632,364.8857421875,864.94677734375,1356.50390625,gpu_board,1,1,1,1,1,1,grid,heavy,short_sweep;sustained_power,convnext_base_vision_medium_msi_cuda_power.csv;convnext_base_vision_medium_msi_cuda_sweep.csv,,,,,,,,,True,SUPPORTED,same_device_backend_precision;evaluated_resolution=224;request_resolution=320;evaluation_batch=8;request_batch=16;deployment_preprocessing_not_verified,top1_accuracy_pct;top5_accuracy_pct,convnext_base_imagenetv2_quality_msi_summary.csv,imagenetv2_matched_frequency,NOT_ASSESSED,NOT_CONFIGURED,NOT_CONFIGURED,NOT_CONFIGURED,NOT_CONFIGURED,device_memory_used_mb,1356.50390625,,UNVERIFIED
vision_hard,light,post_warmup_batch_aggregate,batch_inference_completion,vision,hard,ConvNeXt-Large,Apple M4,mps,fp16,none,160.0,,,1.0,,47.23,img/s,0.021728915991843678,13.67,,0.2917,381.4,,,combined_soc,1,1,1,1,1,1,grid,light,short_sweep;sustained_power,convnext_large_vision_hard_mac_mps_power_canonical.csv;convnext_large_vision_hard_mac_mps_sweep.csv,,,,,,,,,True,SUPPORTED,same_device_backend_precision;evaluated_resolution=224;request_resolution=160;evaluation_batch=8;request_batch=1;deployment_preprocessing_not_verified,top1_accuracy_pct;top5_accuracy_pct,convnext_large_imagenetv2_quality_mac_summary.csv,imagenetv2_matched_frequency,NOT_ASSESSED,NOT_CONFIGURED,NOT_CONFIGURED,NOT_CONFIGURED,NOT_CONFIGURED,memory_allocated_mb,381.4,,UNVERIFIED
vision_hard,light,post_warmup_batch_aggregate,batch_inference_completion,vision,hard,ConvNeXt-Large,Apple M4,mps,fp32,none,160.0,,,1.0,,39.71,img/s,0.02620191700407304,14.28,,0.3549,754.735107421875,,,combined_soc,1,1,1,1,1,1,grid,light,short_sweep;sustained_power,convnext_large_vision_hard_mac_mps_power_canonical.csv;convnext_large_vision_hard_mac_mps_sweep.csv,,,,,,,,,True,SUPPORTED,same_device_backend_precision;evaluated_resolution=224;request_resolution=160;evaluation_batch=8;request_batch=1;deployment_preprocessing_not_verified,top1_accuracy_pct;top5_accuracy_pct,convnext_large_imagenetv2_quality_mac_summary.csv,imagenetv2_matched_frequency,NOT_ASSESSED,NOT_CONFIGURED,NOT_CONFIGURED,NOT_CONFIGURED,NOT_CONFIGURED,memory_allocated_mb,754.735107421875,,UNVERIFIED
vision_hard,light,post_warmup_batch_aggregate,batch_inference_completion,vision,hard,ConvNeXt-Large,RTX 3050 Laptop,cuda,fp16,none,160.0,,,1.0,,102.78793166918739,img/s,0.010104999993927777,57.0657,,0.5825073506106513,385.69580078125,395.06396484375,660.50390625,gpu_board,1,1,1,1,1,1,grid,light,short_sweep;sustained_power,convnext_large_vision_hard_msi_cuda_power.csv;convnext_large_vision_hard_msi_cuda_sweep.csv,,,,,,,,,True,SUPPORTED,same_device_backend_precision;evaluated_resolution=224;request_resolution=160;evaluation_batch=8;request_batch=1;deployment_preprocessing_not_verified,top1_accuracy_pct;top5_accuracy_pct,convnext_large_imagenetv2_quality_msi_summary.csv,imagenetv2_matched_frequency,NOT_ASSESSED,NOT_CONFIGURED,NOT_CONFIGURED,NOT_CONFIGURED,NOT_CONFIGURED,device_memory_used_mb,660.50390625,,UNVERIFIED
vision_hard,light,post_warmup_batch_aggregate,batch_inference_completion,vision,hard,ConvNeXt-Large,RTX 3050 Laptop,cuda,fp32,none,160.0,,,1.0,,47.629224113218605,img/s,0.02063149999594316,57.1539,,1.1996212044560983,763.72509765625,801.1298828125,1084.50390625,gpu_board,1,1,1,1,1,1,grid,light,short_sweep;sustained_power,convnext_large_vision_hard_msi_cuda_power.csv;convnext_large_vision_hard_msi_cuda_sweep.csv,,,,,,,,,True,SUPPORTED,same_device_backend_precision;evaluated_resolution=224;request_resolution=160;evaluation_batch=8;request_batch=1;deployment_preprocessing_not_verified,top1_accuracy_pct;top5_accuracy_pct,convnext_large_imagenetv2_quality_msi_summary.csv,imagenetv2_matched_frequency,NOT_ASSESSED,NOT_CONFIGURED,NOT_CONFIGURED,NOT_CONFIGURED,NOT_CONFIGURED,device_memory_used_mb,1084.50390625,,UNVERIFIED
vision_hard,medium,post_warmup_batch_aggregate,batch_inference_completion,vision,hard,ConvNeXt-Large,Apple M4,mps,fp16,none,224.0,,,4.0,,35.41,img/s,0.11175054201157764,17.09,,0.5092,382.417236328125,,,combined_soc,1,1,1,1,1,1,grid,medium,short_sweep;sustained_power,convnext_large_vision_hard_mac_mps_power_canonical.csv;convnext_large_vision_hard_mac_mps_sweep.csv,,,,,,,,,True,SUPPORTED,same_device_backend_precision;evaluated_resolution=224;request_resolution=224;evaluation_batch=8;request_batch=4;deployment_preprocessing_not_verified,top1_accuracy_pct;top5_accuracy_pct,convnext_large_imagenetv2_quality_mac_summary.csv,imagenetv2_matched_frequency,NOT_ASSESSED,NOT_CONFIGURED,NOT_CONFIGURED,NOT_CONFIGURED,NOT_CONFIGURED,memory_allocated_mb,382.417236328125,,UNVERIFIED
vision_hard,medium,post_warmup_batch_aggregate,batch_inference_completion,vision,hard,ConvNeXt-Large,Apple M4,mps,fp32,none,224.0,,,4.0,,28.23,img/s,0.13301283300097566,15.8,,0.5434,756.82861328125,,,combined_soc,1,1,1,1,1,1,grid,medium,short_sweep;sustained_power,convnext_large_vision_hard_mac_mps_power_canonical.csv;convnext_large_vision_hard_mac_mps_sweep.csv,,,,,,,,,True,SUPPORTED,same_device_backend_precision;evaluated_resolution=224;request_resolution=224;evaluation_batch=8;request_batch=4;deployment_preprocessing_not_verified,top1_accuracy_pct;top5_accuracy_pct,convnext_large_imagenetv2_quality_mac_summary.csv,imagenetv2_matched_frequency,NOT_ASSESSED,NOT_CONFIGURED,NOT_CONFIGURED,NOT_CONFIGURED,NOT_CONFIGURED,memory_allocated_mb,756.82861328125,,UNVERIFIED
vision_hard,medium,post_warmup_batch_aggregate,batch_inference_completion,vision,hard,ConvNeXt-Large,RTX 3050 Laptop,cuda,fp16,none,224.0,,,4.0,,94.10077459251468,img/s,0.040522399998735636,57.27675,,0.608055695727903,387.55517578125,433.50048828125,720.50390625,gpu_board,1,1,1,1,1,1,grid,medium,short_sweep;sustained_power,convnext_large_vision_hard_msi_cuda_power.csv;convnext_large_vision_hard_msi_cuda_sweep.csv,,,,,,,,,True,SUPPORTED,same_device_backend_precision;evaluated_resolution=224;request_resolution=224;evaluation_batch=8;request_batch=4;deployment_preprocessing_not_verified,top1_accuracy_pct;top5_accuracy_pct,convnext_large_imagenetv2_quality_msi_summary.csv,imagenetv2_matched_frequency,NOT_ASSESSED,NOT_CONFIGURED,NOT_CONFIGURED,NOT_CONFIGURED,NOT_CONFIGURED,device_memory_used_mb,720.50390625,,UNVERIFIED
vision_hard,medium,post_warmup_batch_aggregate,batch_inference_completion,vision,hard,ConvNeXt-Large,RTX 3050 Laptop,cuda,fp32,none,224.0,,,4.0,,37.30040966056431,img/s,0.10192310001002625,57.41833333333334,,1.5397376674920789,765.74072265625,857.63134765625,1158.50390625,gpu_board,1,1,1,1,1,1,grid,medium,short_sweep;sustained_power,convnext_large_vision_hard_msi_cuda_power.csv;convnext_large_vision_hard_msi_cuda_sweep.csv,,,,,,,,,True,SUPPORTED,same_device_backend_precision;evaluated_resolution=224;request_resolution=224;evaluation_batch=8;request_batch=4;deployment_preprocessing_not_verified,top1_accuracy_pct;top5_accuracy_pct,convnext_large_imagenetv2_quality_msi_summary.csv,imagenetv2_matched_frequency,NOT_ASSESSED,NOT_CONFIGURED,NOT_CONFIGURED,NOT_CONFIGURED,NOT_CONFIGURED,device_memory_used_mb,1158.50390625,,UNVERIFIED
vision_hard,heavy,post_warmup_batch_aggregate,batch_inference_completion,vision,hard,ConvNeXt-Large,Apple M4,mps,fp16,none,320.0,,,16.0,,17.73,img/s,0.8576057080063038,17.29,,0.9593,390.75244140625,,,combined_soc,1,1,1,1,1,1,grid,heavy,short_sweep;sustained_power,convnext_large_vision_hard_mac_mps_power_canonical.csv;convnext_large_vision_hard_mac_mps_sweep.csv,,,,,,,,,True,SUPPORTED,same_device_backend_precision;evaluated_resolution=224;request_resolution=320;evaluation_batch=8;request_batch=16;deployment_preprocessing_not_verified,top1_accuracy_pct;top5_accuracy_pct,convnext_large_imagenetv2_quality_mac_summary.csv,imagenetv2_matched_frequency,NOT_ASSESSED,NOT_CONFIGURED,NOT_CONFIGURED,NOT_CONFIGURED,NOT_CONFIGURED,memory_allocated_mb,390.75244140625,,UNVERIFIED
vision_hard,heavy,post_warmup_batch_aggregate,batch_inference_completion,vision,hard,ConvNeXt-Large,Apple M4,mps,fp32,none,320.0,,,16.0,,14.27,img/s,1.0525573750055628,14.83,,1.0258,773.499267578125,,,combined_soc,1,1,1,1,1,1,grid,heavy,short_sweep;sustained_power,convnext_large_vision_hard_mac_mps_power_canonical.csv;convnext_large_vision_hard_mac_mps_sweep.csv,,,,,,,,,True,SUPPORTED,same_device_backend_precision;evaluated_resolution=224;request_resolution=320;evaluation_batch=8;request_batch=16;deployment_preprocessing_not_verified,top1_accuracy_pct;top5_accuracy_pct,convnext_large_imagenetv2_quality_mac_summary.csv,imagenetv2_matched_frequency,NOT_ASSESSED,NOT_CONFIGURED,NOT_CONFIGURED,NOT_CONFIGURED,NOT_CONFIGURED,memory_allocated_mb,773.499267578125,,UNVERIFIED
vision_hard,heavy,post_warmup_batch_aggregate,batch_inference_completion,vision,hard,ConvNeXt-Large,RTX 3050 Laptop,cuda,fp16,none,320.0,,,16.0,,60.90866941046307,img/s,0.25225140003021806,57.57652380952381,,0.9449771601721341,394.953125,770.98388671875,1224.50390625,gpu_board,1,1,1,1,1,1,grid,heavy,short_sweep;sustained_power,convnext_large_vision_hard_msi_cuda_power.csv;convnext_large_vision_hard_msi_cuda_sweep.csv,,,,,,,,,True,SUPPORTED,same_device_backend_precision;evaluated_resolution=224;request_resolution=320;evaluation_batch=8;request_batch=16;deployment_preprocessing_not_verified,top1_accuracy_pct;top5_accuracy_pct,convnext_large_imagenetv2_quality_msi_summary.csv,imagenetv2_matched_frequency,NOT_ASSESSED,NOT_CONFIGURED,NOT_CONFIGURED,NOT_CONFIGURED,NOT_CONFIGURED,device_memory_used_mb,1224.50390625,,UNVERIFIED
vision_hard,heavy,post_warmup_batch_aggregate,batch_inference_completion,vision,hard,ConvNeXt-Large,RTX 3050 Laptop,cuda,fp32,none,320.0,,,16.0,,19.66405604053286,img/s,0.7797500999877229,57.89376923076923,,2.9397042367053237,782.2392578125,1534.30029296875,2190.50390625,gpu_board,1,1,1,1,1,1,grid,heavy,short_sweep;sustained_power,convnext_large_vision_hard_msi_cuda_power.csv;convnext_large_vision_hard_msi_cuda_sweep.csv,,,,,,,,,True,SUPPORTED,same_device_backend_precision;evaluated_resolution=224;request_resolution=320;evaluation_batch=8;request_batch=16;deployment_preprocessing_not_verified,top1_accuracy_pct;top5_accuracy_pct,convnext_large_imagenetv2_quality_msi_summary.csv,imagenetv2_matched_frequency,NOT_ASSESSED,NOT_CONFIGURED,NOT_CONFIGURED,NOT_CONFIGURED,NOT_CONFIGURED,device_memory_used_mb,2190.50390625,,UNVERIFIED
text_easy,light,post_warmup_generate_call_batch_aggregate,batch_generate_call_completion,text,easy,DistilGPT2,Apple M4,mps,default_uncontrolled,none,,32.0,32.0,1.0,,206.22615564716887,tok/s,0.169144999999844,6.738348333333334,1.0455858326505487,0.03267455727032965,313.2353515625,,,combined_soc,1,1,1,1,1,1,grid;light,,short_sweep;sustained_power,distilgpt2_easy_mps_power_final.csv;distilgpt2_easy_mps_sweep.csv,,,,,,,,,True,UNVERIFIED,scheduler_runtime_precision_not_verified;cannot_assign_fp32_or_fp16_evidence,,,,NOT_ASSESSED,NOT_CONFIGURED,NOT_CONFIGURED,NOT_CONFIGURED,NOT_CONFIGURED,memory_allocated_mb,313.2353515625,,UNVERIFIED
text_easy,light,post_warmup_generate_call_batch_aggregate,batch_generate_call_completion,text,easy,DistilGPT2,RTX 3050 Laptop,cuda,default_uncontrolled,none,,32.0,32.0,1.0,,160.3147551195662,tok/s,0.16400540000176989,45.4956889632107,9.105646876025277,0.2845514648757899,325.79052734375,,570.50390625,gpu_board,1,1,1,1,1,1,grid;light,,short_sweep;sustained_power,distilgpt2_easy_cuda_nvml_final.csv;distilgpt2_easy_cuda_sweep.csv,,,,,,,,,True,UNVERIFIED,scheduler_runtime_precision_not_verified;cannot_assign_fp32_or_fp16_evidence,,,,NOT_ASSESSED,NOT_CONFIGURED,NOT_CONFIGURED,NOT_CONFIGURED,NOT_CONFIGURED,device_memory_used_mb,570.50390625,,UNVERIFIED
text_easy,medium,post_warmup_generate_call_batch_aggregate,batch_generate_call_completion,text,easy,DistilGPT2,Apple M4,mps,default_uncontrolled,none,,128.0,64.0,4.0,,551.271475990254,tok/s,0.4546781670032942,7.040505,3.269476761449316,0.012771393599411391,313.248046875,,,combined_soc,1,1,1,1,1,1,grid;medium,,short_sweep;sustained_power,distilgpt2_easy_mps_power_final.csv;distilgpt2_easy_mps_sweep.csv,,,,,,,,,True,UNVERIFIED,scheduler_runtime_precision_not_verified;cannot_assign_fp32_or_fp16_evidence,,,,NOT_ASSESSED,NOT_CONFIGURED,NOT_CONFIGURED,NOT_CONFIGURED,NOT_CONFIGURED,memory_allocated_mb,313.248046875,,UNVERIFIED
text_easy,medium,post_warmup_generate_call_batch_aggregate,batch_generate_call_completion,text,easy,DistilGPT2,RTX 3050 Laptop,cuda,default_uncontrolled,none,,128.0,64.0,4.0,,633.4737977557412,tok/s,0.3517184999946039,56.60872954924875,22.876770619320126,0.08936238523171924,377.0078125,,610.50390625,gpu_board,1,1,1,1,1,1,grid;medium,,short_sweep;sustained_power,distilgpt2_easy_cuda_nvml_final.csv;distilgpt2_easy_cuda_sweep.csv,,,,,,,,,True,UNVERIFIED,scheduler_runtime_precision_not_verified;cannot_assign_fp32_or_fp16_evidence,,,,NOT_ASSESSED,NOT_CONFIGURED,NOT_CONFIGURED,NOT_CONFIGURED,NOT_CONFIGURED,device_memory_used_mb,610.50390625,,UNVERIFIED
text_easy,heavy,post_warmup_generate_call_batch_aggregate,batch_generate_call_completion,text,easy,DistilGPT2,Apple M4,mps,default_uncontrolled,none,,512.0,128.0,8.0,,588.6559506473163,tok/s,1.6658849589985039,13.20471,23.0505816343222,0.022510333627267773,313.3359375,,,combined_soc,1,1,1,1,1,1,grid;heavy,,short_sweep;sustained_power,distilgpt2_easy_mps_power_final.csv;distilgpt2_easy_mps_sweep.csv,,,,,,,,,True,UNVERIFIED,scheduler_runtime_precision_not_verified;cannot_assign_fp32_or_fp16_evidence,,,,NOT_ASSESSED,NOT_CONFIGURED,NOT_CONFIGURED,NOT_CONFIGURED,NOT_CONFIGURED,memory_allocated_mb,313.3359375,,UNVERIFIED
text_easy,heavy,post_warmup_generate_call_batch_aggregate,batch_generate_call_completion,text,easy,DistilGPT2,RTX 3050 Laptop,cuda,default_uncontrolled,none,,512.0,128.0,8.0,,733.5491902448813,tok/s,1.3280722000054084,59.67240969899665,83.29986365518853,0.08134752310077005,730.150390625,,1054.50390625,gpu_board,1,1,1,1,1,1,grid;heavy,,short_sweep;sustained_power,distilgpt2_easy_cuda_nvml_final.csv;distilgpt2_easy_cuda_sweep.csv,,,,,,,,,True,UNVERIFIED,scheduler_runtime_precision_not_verified;cannot_assign_fp32_or_fp16_evidence,,,,NOT_ASSESSED,NOT_CONFIGURED,NOT_CONFIGURED,NOT_CONFIGURED,NOT_CONFIGURED,device_memory_used_mb,1054.50390625,,UNVERIFIED
text_medium,light,post_warmup_generate_call_batch_aggregate,batch_generate_call_completion,text,medium,Qwen2.5-1.5B-Instruct,Apple M4,mps,fp16,none,,128.0,64.0,1.0,,24.4,tok/s,2.9199263749997044,6.76,17.71,0.2768,2968.7802734375,,,combined_soc,1,1,1,1,1,1,grid,light,short_sweep;sustained_power,qwen25_medium_mps_power_summary.csv;qwen25_medium_mps_sweep.csv,,,,,,,,,True,SUPPORTED,same_device_backend_precision;wikitext2_test_seq64_and_or_factual_prompt_evaluation;service_generation_quality_not_verified,mean_selfcheck_nli;perplexity,qwen25_selfcheck_mac_summary.csv;qwen25_text_precision_quality_mac.csv,Salesforce/wikitext:wikitext-2-raw-v1:test;prompt_set_20_prompts_5_samples,NOT_ASSESSED,NOT_CONFIGURED,NOT_CONFIGURED,NOT_CONFIGURED,NOT_CONFIGURED,memory_allocated_mb,2968.7802734375,,UNVERIFIED
text_medium,light,post_warmup_generate_call_batch_aggregate,batch_generate_call_completion,text,medium,Qwen2.5-1.5B-Instruct,RTX 3050 Laptop,cuda,fp16,none,,128.0,64.0,1.0,,27.724000712500406,tok/s,2.133595899998909,57.268863560732115,137.6061501510056,2.1500960961094626,2965.03466796875,3380.50390625,,gpu_board,1,1,1,1,1,1,grid,light,short_sweep;sustained_power,qwen25_medium_cuda_nvml_power.csv;qwen25_medium_cuda_sweep.csv,,,,,,,,,True,CONDITIONAL,cross_device_or_backend_text_quality_reference;evaluation_not_equivalent_to_service_generation,mean_selfcheck_nli;perplexity,qwen25_selfcheck_mac_summary.csv;qwen25_text_precision_quality_mac.csv,Salesforce/wikitext:wikitext-2-raw-v1:test;prompt_set_20_prompts_5_samples,NOT_ASSESSED,NOT_CONFIGURED,NOT_CONFIGURED,NOT_CONFIGURED,NOT_CONFIGURED,memory_peak_mb,3380.50390625,,UNVERIFIED
text_medium,medium,post_warmup_generate_call_batch_aggregate,batch_generate_call_completion,text,medium,Qwen2.5-1.5B-Instruct,Apple M4,mps,fp16,none,,512.0,128.0,2.0,,41.81,tok/s,6.099668415999986,8.64,52.93,0.2068,2968.80224609375,,,combined_soc,1,1,1,1,1,1,grid,medium,short_sweep;sustained_power,qwen25_medium_mps_power_summary.csv;qwen25_medium_mps_sweep.csv,,,,,,,,,True,SUPPORTED,same_device_backend_precision;wikitext2_test_seq64_and_or_factual_prompt_evaluation;service_generation_quality_not_verified,mean_selfcheck_nli;perplexity,qwen25_selfcheck_mac_summary.csv;qwen25_text_precision_quality_mac.csv,Salesforce/wikitext:wikitext-2-raw-v1:test;prompt_set_20_prompts_5_samples,NOT_ASSESSED,NOT_CONFIGURED,NOT_CONFIGURED,NOT_CONFIGURED,NOT_CONFIGURED,memory_allocated_mb,2968.80224609375,,UNVERIFIED
text_medium,medium,post_warmup_generate_call_batch_aggregate,batch_generate_call_completion,text,medium,Qwen2.5-1.5B-Instruct,RTX 3050 Laptop,cuda,fp16,none,,512.0,128.0,2.0,,38.13796585934977,tok/s,4.926771899976302,54.695237541528236,367.1402104210168,1.4341414469570968,3047.4453125,3492.50390625,,gpu_board,1,1,1,1,1,1,grid,medium,short_sweep;sustained_power,qwen25_medium_cuda_nvml_power.csv;qwen25_medium_cuda_sweep.csv,,,,,,,,,True,CONDITIONAL,cross_device_or_backend_text_quality_reference;evaluation_not_equivalent_to_service_generation,mean_selfcheck_nli;perplexity,qwen25_selfcheck_mac_summary.csv;qwen25_text_precision_quality_mac.csv,Salesforce/wikitext:wikitext-2-raw-v1:test;prompt_set_20_prompts_5_samples,NOT_ASSESSED,NOT_CONFIGURED,NOT_CONFIGURED,NOT_CONFIGURED,NOT_CONFIGURED,memory_peak_mb,3492.50390625,,UNVERIFIED
text_medium,heavy,post_warmup_generate_call_batch_aggregate,batch_generate_call_completion,text,medium,Qwen2.5-1.5B-Instruct,Apple M4,mps,fp16,none,,1024.0,128.0,4.0,,53.96,tok/s,9.783171584000229,11.96,113.46,0.2216,2968.87451171875,,,combined_soc,1,1,1,1,1,1,grid,heavy,short_sweep;sustained_power,qwen25_medium_mps_power_summary.csv;qwen25_medium_mps_sweep.csv,,,,,,,,,True,SUPPORTED,same_device_backend_precision;wikitext2_test_seq64_and_or_factual_prompt_evaluation;service_generation_quality_not_verified,mean_selfcheck_nli;perplexity,qwen25_selfcheck_mac_summary.csv;qwen25_text_precision_quality_mac.csv,Salesforce/wikitext:wikitext-2-raw-v1:test;prompt_set_20_prompts_5_samples,NOT_ASSESSED,NOT_CONFIGURED,NOT_CONFIGURED,NOT_CONFIGURED,NOT_CONFIGURED,memory_allocated_mb,2968.87451171875,,UNVERIFIED
text_medium,heavy,post_warmup_generate_call_batch_aggregate,batch_generate_call_completion,text,medium,Qwen2.5-1.5B-Instruct,RTX 3050 Laptop,cuda,fp16,none,,1024.0,128.0,4.0,,66.76206894602004,tok/s,5.806265399995027,56.87490834697218,436.17511460279144,0.851904520708577,3325.564453125,3822.50390625,,gpu_board,1,1,1,1,1,1,grid,heavy,short_sweep;sustained_power,qwen25_medium_cuda_nvml_power.csv;qwen25_medium_cuda_sweep.csv,,,,,,,,,True,CONDITIONAL,cross_device_or_backend_text_quality_reference;evaluation_not_equivalent_to_service_generation,mean_selfcheck_nli;perplexity,qwen25_selfcheck_mac_summary.csv;qwen25_text_precision_quality_mac.csv,Salesforce/wikitext:wikitext-2-raw-v1:test;prompt_set_20_prompts_5_samples,NOT_ASSESSED,NOT_CONFIGURED,NOT_CONFIGURED,NOT_CONFIGURED,NOT_CONFIGURED,memory_peak_mb,3822.50390625,,UNVERIFIED
text_hard,light,generation_phase_s_tg,llamacpp_batched_benchmark_total,text,hard,Qwen3-1.7B,Apple M4,llama.cpp/metal,q4_k_m,Q4_K_M,,128.0,64.0,1.0,,72.22,tok/s,1.012,13.439375,14.0307075,0.2192298046875,,,,combined_soc,1,1,1,1,0,1,grid;q4_grid,light,short_sweep;sustained_power,qwen3_hard_q4_cross_device.csv;qwen3_hard_q4_mac_accel_power_synced.csv,2254.609375,2254.953125,1038.9086303710938,,,,3,results/qwen3_q4_mac_metal_memory.csv,True,SUPPORTED,native_q4_k_m_same_device_backend;llamacpp_quality_evaluation;not_comparable_to_hf_seq64_perplexity;service_generation_quality_not_verified,perplexity,qwen3_q4_native_ppl_mac_c16.json,Salesforce/wikitext:wikitext-2-raw-v1:test,NOT_ASSESSED,NOT_CONFIGURED,NOT_CONFIGURED,NOT_CONFIGURED,NOT_CONFIGURED,process_peak_rss_mib_max,2254.953125,,UNVERIFIED
text_hard,light,generation_phase_s_tg,llamacpp_batched_benchmark_total,text,hard,Qwen3-1.7B,RTX 3050 Laptop,llama.cpp/cuda,q4_k_m,Q4_K_M,,128.0,64.0,1.0,,112.8,tok/s,0.588,59.27207266982622,35.91476159642832,0.5611681499441925,,2460.50390625,,gpu_board,1,1,1,1,1,1,grid;q4_grid;recovered_cuda_batch_latency,light,raw_benchmark_recovery;short_sweep;sustained_power,qwen3_hard_q4_cross_device.csv;qwen3_hard_q4_cuda_nvml_power.csv;qwen3_hard_q4_cuda_recovered_latency.csv,,,,,,,,,True,CONDITIONAL,cross_device_or_backend_q4_k_m_reference;quality_transfer_not_verified,perplexity,qwen3_q4_native_ppl_mac_c16.json,Salesforce/wikitext:wikitext-2-raw-v1:test,NOT_ASSESSED,NOT_CONFIGURED,NOT_CONFIGURED,NOT_CONFIGURED,NOT_CONFIGURED,memory_peak_mb,2460.50390625,,UNVERIFIED
text_hard,medium,generation_phase_s_tg,llamacpp_batched_benchmark_total,text,hard,Qwen3-1.7B,Apple M4,llama.cpp/metal,q4_k_m,Q4_K_M,,512.0,128.0,2.0,,113.38,tok/s,3.223,16.3523,52.80516744827587,0.2062701853448276,,,,combined_soc,1,1,1,1,0,1,grid;q4_grid,medium,short_sweep;sustained_power,qwen3_hard_q4_cross_device.csv;qwen3_hard_q4_mac_accel_power_synced.csv,2262.671875,2262.71875,1046.6586074829102,,,,3,results/qwen3_q4_mac_metal_memory.csv,True,SUPPORTED,native_q4_k_m_same_device_backend;llamacpp_quality_evaluation;not_comparable_to_hf_seq64_perplexity;service_generation_quality_not_verified,perplexity,qwen3_q4_native_ppl_mac_c16.json,Salesforce/wikitext:wikitext-2-raw-v1:test,NOT_ASSESSED,NOT_CONFIGURED,NOT_CONFIGURED,NOT_CONFIGURED,NOT_CONFIGURED,process_peak_rss_mib_max,2262.71875,,UNVERIFIED
text_hard,medium,generation_phase_s_tg,llamacpp_batched_benchmark_total,text,hard,Qwen3-1.7B,RTX 3050 Laptop,llama.cpp/cuda,q4_k_m,Q4_K_M,,512.0,128.0,2.0,,191.8,tok/s,1.471,59.34325,93.99780719584281,0.367178934358761,,2470.50390625,,gpu_board,1,1,1,1,1,1,grid;q4_grid;recovered_cuda_batch_latency,medium,raw_benchmark_recovery;short_sweep;sustained_power,qwen3_hard_q4_cross_device.csv;qwen3_hard_q4_cuda_nvml_power.csv;qwen3_hard_q4_cuda_recovered_latency.csv,,,,,,,,,True,CONDITIONAL,cross_device_or_backend_q4_k_m_reference;quality_transfer_not_verified,perplexity,qwen3_q4_native_ppl_mac_c16.json,Salesforce/wikitext:wikitext-2-raw-v1:test,NOT_ASSESSED,NOT_CONFIGURED,NOT_CONFIGURED,NOT_CONFIGURED,NOT_CONFIGURED,memory_peak_mb,2470.50390625,,UNVERIFIED
text_hard,heavy,generation_phase_s_tg,llamacpp_batched_benchmark_total,text,hard,Qwen3-1.7B,Apple M4,llama.cpp/metal,q4_k_m,Q4_K_M,,1024.0,128.0,4.0,,91.29,tok/s,9.553,17.194303370786518,164.50184820879122,0.32129267228279534,,,,combined_soc,1,1,1,1,0,1,grid;q4_grid,heavy,short_sweep;sustained_power,qwen3_hard_q4_cross_device.csv;qwen3_hard_q4_mac_accel_power_synced.csv,2265.59375,2265.8125,1049.689811706543,,,,3,results/qwen3_q4_mac_metal_memory.csv,True,SUPPORTED,native_q4_k_m_same_device_backend;llamacpp_quality_evaluation;not_comparable_to_hf_seq64_perplexity;service_generation_quality_not_verified,perplexity,qwen3_q4_native_ppl_mac_c16.json,Salesforce/wikitext:wikitext-2-raw-v1:test,NOT_ASSESSED,NOT_CONFIGURED,NOT_CONFIGURED,NOT_CONFIGURED,NOT_CONFIGURED,process_peak_rss_mib_max,2265.8125,,UNVERIFIED
text_hard,heavy,generation_phase_s_tg,llamacpp_batched_benchmark_total,text,hard,Qwen3-1.7B,RTX 3050 Laptop,llama.cpp/cuda,q4_k_m,Q4_K_M,,1024.0,128.0,4.0,,235.5,tok/s,2.968,59.3301153262519,188.05775946299423,0.3673003114511606,,2464.50390625,,gpu_board,1,1,1,1,1,1,grid;q4_grid;recovered_cuda_batch_latency,heavy,raw_benchmark_recovery;short_sweep;sustained_power,qwen3_hard_q4_cross_device.csv;qwen3_hard_q4_cuda_nvml_power.csv;qwen3_hard_q4_cuda_recovered_latency.csv,,,,,,,,,True,CONDITIONAL,cross_device_or_backend_q4_k_m_reference;quality_transfer_not_verified,perplexity,qwen3_q4_native_ppl_mac_c16.json,Salesforce/wikitext:wikitext-2-raw-v1:test,NOT_ASSESSED,NOT_CONFIGURED,NOT_CONFIGURED,NOT_CONFIGURED,NOT_CONFIGURED,memory_peak_mb,2464.50390625,,UNVERIFIED
