latency_step,quality_step,deadline_s,minimum_top5_accuracy_pct,fp16_latency_gate,fp16_quality_gate,fp16_feasibility,fp32_latency_gate,fp32_quality_gate,fp32_feasibility,feasible_count,selected_precision,selected_energy_j_per_image,energy_boundary,analysis_scope
below_lower,below_lower,0.022326286627503578,88.84749710559845,FAIL,PASS,INFEASIBLE,FAIL,PASS,INFEASIBLE,0,,,combined_soc,synthetic_offline_latency_quality_interaction
below_lower,at_lower,0.022326286627503578,88.84999752044678,FAIL,PASS,INFEASIBLE,FAIL,PASS,INFEASIBLE,0,,,combined_soc,synthetic_offline_latency_quality_interaction
below_lower,between,0.022326286627503578,88.85499835014343,FAIL,FAIL,INFEASIBLE,FAIL,PASS,INFEASIBLE,0,,,combined_soc,synthetic_offline_latency_quality_interaction
below_lower,at_upper,0.022326286627503578,88.85999917984009,FAIL,FAIL,INFEASIBLE,FAIL,PASS,INFEASIBLE,0,,,combined_soc,synthetic_offline_latency_quality_interaction
below_lower,above_upper,0.022326286627503578,88.86249959468842,FAIL,FAIL,INFEASIBLE,FAIL,FAIL,INFEASIBLE,0,,,combined_soc,synthetic_offline_latency_quality_interaction
at_lower,below_lower,0.023604771002283087,88.84749710559845,PASS,PASS,FEASIBLE,FAIL,PASS,INFEASIBLE,1,fp16,0.06455891225453587,combined_soc,synthetic_offline_latency_quality_interaction
at_lower,at_lower,0.023604771002283087,88.84999752044678,PASS,PASS,FEASIBLE,FAIL,PASS,INFEASIBLE,1,fp16,0.06455891225453587,combined_soc,synthetic_offline_latency_quality_interaction
at_lower,between,0.023604771002283087,88.85499835014343,PASS,FAIL,INFEASIBLE,FAIL,PASS,INFEASIBLE,0,,,combined_soc,synthetic_offline_latency_quality_interaction
at_lower,at_upper,0.023604771002283087,88.85999917984009,PASS,FAIL,INFEASIBLE,FAIL,PASS,INFEASIBLE,0,,,combined_soc,synthetic_offline_latency_quality_interaction
at_lower,above_upper,0.023604771002283087,88.86249959468842,PASS,FAIL,INFEASIBLE,FAIL,FAIL,INFEASIBLE,0,,,combined_soc,synthetic_offline_latency_quality_interaction
between,below_lower,0.026161739751842106,88.84749710559845,PASS,PASS,FEASIBLE,FAIL,PASS,INFEASIBLE,1,fp16,0.06455891225453587,combined_soc,synthetic_offline_latency_quality_interaction
between,at_lower,0.026161739751842106,88.84999752044678,PASS,PASS,FEASIBLE,FAIL,PASS,INFEASIBLE,1,fp16,0.06455891225453587,combined_soc,synthetic_offline_latency_quality_interaction
between,between,0.026161739751842106,88.85499835014343,PASS,FAIL,INFEASIBLE,FAIL,PASS,INFEASIBLE,0,,,combined_soc,synthetic_offline_latency_quality_interaction
between,at_upper,0.026161739751842106,88.85999917984009,PASS,FAIL,INFEASIBLE,FAIL,PASS,INFEASIBLE,0,,,combined_soc,synthetic_offline_latency_quality_interaction
between,above_upper,0.026161739751842106,88.86249959468842,PASS,FAIL,INFEASIBLE,FAIL,FAIL,INFEASIBLE,0,,,combined_soc,synthetic_offline_latency_quality_interaction
at_upper,below_lower,0.028718708501401125,88.84749710559845,PASS,PASS,FEASIBLE,PASS,PASS,FEASIBLE,2,fp16,0.06455891225453587,combined_soc,synthetic_offline_latency_quality_interaction
at_upper,at_lower,0.028718708501401125,88.84999752044678,PASS,PASS,FEASIBLE,PASS,PASS,FEASIBLE,2,fp16,0.06455891225453587,combined_soc,synthetic_offline_latency_quality_interaction
at_upper,between,0.028718708501401125,88.85499835014343,PASS,FAIL,INFEASIBLE,PASS,PASS,FEASIBLE,1,fp32,0.08317273074128603,combined_soc,synthetic_offline_latency_quality_interaction
at_upper,at_upper,0.028718708501401125,88.85999917984009,PASS,FAIL,INFEASIBLE,PASS,PASS,FEASIBLE,1,fp32,0.08317273074128603,combined_soc,synthetic_offline_latency_quality_interaction
at_upper,above_upper,0.028718708501401125,88.86249959468842,PASS,FAIL,INFEASIBLE,PASS,FAIL,INFEASIBLE,0,,,combined_soc,synthetic_offline_latency_quality_interaction
above_upper,below_lower,0.029997192876180634,88.84749710559845,PASS,PASS,FEASIBLE,PASS,PASS,FEASIBLE,2,fp16,0.06455891225453587,combined_soc,synthetic_offline_latency_quality_interaction
above_upper,at_lower,0.029997192876180634,88.84999752044678,PASS,PASS,FEASIBLE,PASS,PASS,FEASIBLE,2,fp16,0.06455891225453587,combined_soc,synthetic_offline_latency_quality_interaction
above_upper,between,0.029997192876180634,88.85499835014343,PASS,FAIL,INFEASIBLE,PASS,PASS,FEASIBLE,1,fp32,0.08317273074128603,combined_soc,synthetic_offline_latency_quality_interaction
above_upper,at_upper,0.029997192876180634,88.85999917984009,PASS,FAIL,INFEASIBLE,PASS,PASS,FEASIBLE,1,fp32,0.08317273074128603,combined_soc,synthetic_offline_latency_quality_interaction
above_upper,above_upper,0.029997192876180634,88.86249959468842,PASS,FAIL,INFEASIBLE,PASS,FAIL,INFEASIBLE,0,,,combined_soc,synthetic_offline_latency_quality_interaction
